type,title,director
TV Show,Blood & Water,Unknown
TV Show,Jailbirds New Orleans,Unknown
TV Show,Kota Factory,Unknown
TV Show,"Vendetta: Truth, Lies and The Mafia",Unknown
TV Show,Crime Stories: India Detectives,Unknown
TV Show,Dear White People,Unknown
TV Show,Falsa identidad,Unknown
TV Show,Jaguar,Unknown
TV Show,Resurrection: Ertugrul,Unknown
TV Show,Love on the Spectrum,Unknown
TV Show,Chicago Party Aunt,Unknown
TV Show,Sex Education,Unknown
TV Show,Squid Game,Unknown
TV Show,Tayo and Little Wizards,Unknown
TV Show,Angry Birds,Unknown
TV Show,Chhota Bheem,Unknown
TV Show,He-Man and the Masters of the Universe,Unknown
TV Show,Castle and Castle,Unknown
TV Show,Dharmakshetra,Unknown
TV Show,Nailed It,Unknown
TV Show,Numberblocks,Unknown
TV Show,Raja Rasoi Aur Anya Kahaniyan,Unknown
TV Show,Saved by the Bell,Unknown
TV Show,Stories by Rabindranath Tagore,Unknown
TV Show,Too Hot To Handle: Latino,Unknown
TV Show,Jack Whitehall: Travels with My Father,Unknown
TV Show,The World's Most Amazing Vacation Rentals,Unknown
TV Show,Yowamushi Pedal,Unknown
TV Show,Lucifer,Unknown
TV Show,Metal Shop Masters,Unknown
TV Show,Pokémon Master Journeys: The Series,Unknown
TV Show,Titipo Titipo,Unknown
TV Show,Mighty Raju,Unknown
TV Show,Into the Night,Unknown
TV Show,The Circle,Unknown
TV Show,Kid Cosmic,Unknown
TV Show,Octonauts: Above & Beyond,Unknown
TV Show,On the Verge,Unknown
TV Show,Tobot Galaxy Detectives,Unknown
TV Show,Tayo the Little Bus,Unknown
TV Show,Bunk'd,Unknown
TV Show,Dive Club,Unknown
TV Show,La casa de papel,Unknown
TV Show,Sharkdog,Unknown
TV Show,Heroes of Goo Jit Zu,Unknown
TV Show,Hotel Del Luna,Unknown
TV Show,Luv Kushh,Unknown
TV Show,Pororo - The Little Penguin,Unknown
TV Show,Q-Force,Unknown
TV Show,Brave Animated Series,Unknown
TV Show,How to Be a Cowboy,Unknown
TV Show,Kid-E-Cats,Unknown
TV Show,Kuroko's Basketball,Unknown
TV Show,Major Dad,Unknown
TV Show,Oldsters,Unknown
TV Show,Turning Point: 9/11 and the War on Terror,Unknown
TV Show,Sparking Joy,Unknown
TV Show,Hometown Cha-Cha-Cha,Unknown
TV Show,The Ingenuity of the Househusband,Unknown
TV Show,Bread Barbershop,Unknown
TV Show,D.P.,Unknown
TV Show,Deadly Sins,Unknown
TV Show,I Heart Arlo,Unknown
TV Show,Rebellion,Unknown
TV Show,RIDE ON TIME,Unknown
TV Show,Titletown High,Unknown
TV Show,EDENS ZERO,Unknown
TV Show,Family Reunion,Unknown
TV Show,Motel Makeover,Unknown
TV Show,Open Your Eyes,Unknown
TV Show,Post Mortem: No One Dies in Skarnes,Unknown
TV Show,Wheel of Fortune,Unknown
TV Show,Oggy Oggy,Unknown
TV Show,Manifest,Unknown
TV Show,Comedy Premium League,Unknown
TV Show,Everything Will Be Fine,Unknown
TV Show,Korean Cold Noodle Rhapsody,Unknown
TV Show,The Chair,Unknown
TV Show,Go! Go! Cory Carson,Unknown
TV Show,The Defeated,Unknown
TV Show,Mother Goose Club,Unknown
TV Show,Rascal Does Not Dream of Bunny Girl Senpai,Unknown
TV Show,The Creative Indians,Unknown
TV Show,Winx Club,Unknown
TV Show,Brand New Cherry Flavor,Unknown
TV Show,Fast & Furious Spy Racers,Unknown
TV Show,Grace and Frankie,Unknown
TV Show,The Kingdom,Unknown
TV Show,AlRawabi School for Girls,Unknown
TV Show,Bake Squad,Unknown
TV Show,Gabby's Dollhouse,Unknown
TV Show,Las muñecas de la mafia,Unknown
TV Show,The Crowned Clown,Unknown
TV Show,SHAMAN KING,Unknown
TV Show,Hit & Run,Unknown
TV Show,Car Masters: Rust to Riches,Unknown
TV Show,Control Z,Unknown
TV Show,Cooking With Paris,Unknown
TV Show,Autumn's Concerto,Unknown
TV Show,The Prince Who Turns into a Frog,Unknown
TV Show,Top Secret UFO Projects: Declassified,Unknown
TV Show,Two Fathers,Unknown
TV Show,You're My Destiny,Unknown
TV Show,30 Rock,Unknown
TV Show,44 Cats,Unknown
TV Show,Darwin’s Game,Unknown
TV Show,Friday Night Lights,Unknown
TV Show,Hunter X Hunter (2011),Unknown
TV Show,Charmed,Unknown
TV Show,Centaurworld,Unknown
TV Show,Glow Up,Unknown
TV Show,Khawatir,Unknown
TV Show,Myth & Mogul: John DeLorean,Unknown
TV Show,Outer Banks,Unknown
TV Show,Transformers: War for Cybertron: Kingdom,Unknown
TV Show,Tattoo Redo,Unknown
TV Show,The Snitch Cartel: Origins,Unknown
TV Show,All American,Unknown
TV Show,How to Sell Drugs Online (Fast),Unknown
TV Show,Mighty Express,Unknown
TV Show,The Walking Dead,Unknown
TV Show,Wynonna Earp,Unknown
TV Show,Feels Like Ishq,Unknown
TV Show,Masters of the Universe: Revelation,Unknown
TV Show,Revelations: The Masters of the Universe: Revelation Aftershow,Unknown
TV Show,Sky Rojo,Unknown
TV Show,The Movies That Made Us,Unknown
Movie,9to5: The Story of a Movement,Unknown
TV Show,Chicago Med,Unknown
TV Show,Sexy Beasts,Unknown
TV Show,Too Hot to Handle: Brazil,Unknown
TV Show,Okupas,Unknown
TV Show,Touch Your Heart,Unknown
TV Show,Explained,Unknown
TV Show,Johnny Test,Unknown
TV Show,BEASTARS,Unknown
TV Show,Her Private Life,Unknown
TV Show,Never Have I Ever,Unknown
TV Show,Heist,Unknown
TV Show,My Unorthodox Life,Unknown
Movie,Bridgerton - The Afterparty,Unknown
TV Show,Ridley Jones,Unknown
TV Show,Atypical,Unknown
TV Show,Biohackers,Unknown
TV Show,How to Become a Tyrant,Unknown
Movie,Last Summer,Unknown
TV Show,The Cook of Castamar,Unknown
TV Show,Virgin River,Unknown
TV Show,Elize Matsunaga: Once Upon a Crime,Unknown
TV Show,RESIDENT EVIL: Infinite Darkness,Unknown
TV Show,Cat People,Unknown
TV Show,Dogs,Unknown
TV Show,The War Next-door,Unknown
TV Show,Ask the StoryBots,Unknown
TV Show,Between,Unknown
TV Show,Chelsea,Unknown
TV Show,Code Lyoko,Unknown
TV Show,Colony,Unknown
TV Show,Cuckoo,Unknown
TV Show,Derry Girls,Unknown
TV Show,Girl from Nowhere,Unknown
TV Show,Good Morning Call,Unknown
TV Show,I AM A KILLER,Unknown
TV Show,I Think You Should Leave with Tim Robinson,Unknown
TV Show,Kim's Convenience,Unknown
TV Show,Larva,Unknown
TV Show,Marcella,Unknown
TV Show,Midnight Diner: Tokyo Stories,Unknown
TV Show,My Little Pony: Friendship Is Magic,Unknown
TV Show,Orange Is the New Black,Unknown
TV Show,Puffin Rock,Unknown
TV Show,Richie Rich,Unknown
TV Show,Scream,Unknown
TV Show,Shtisel,Unknown
TV Show,Some Assembly Required,Unknown
TV Show,Tales by Light,Unknown
TV Show,Terrace House: Opening New Doors,Unknown
TV Show,The A List,Unknown
TV Show,The New Legends of Monkey,Unknown
TV Show,The Worst Witch,Unknown
TV Show,Undercover,Unknown
TV Show,Workin' Moms,Unknown
TV Show,YooHoo to the Rescue,Unknown
TV Show,You Are My Spring,Unknown
TV Show,We the People,Unknown
TV Show,Grey's Anatomy,Unknown
TV Show,Big Timber,Unknown
TV Show,Mortel,Unknown
TV Show,Bureau of Magical Things,Unknown
TV Show,Generation 56k,Unknown
TV Show,Rainbow Rangers,Unknown
TV Show,Sailor Moon Crystal,Unknown
TV Show,Young Royals,Unknown
TV Show,Droppin' Cash: Los Angeles,Unknown
TV Show,Somos.,Unknown
TV Show,The Daily Life of the Immortal King,Unknown
TV Show,StarBeam,Unknown
TV Show,The Seven Deadly Sins,Unknown
TV Show,Sex/Life,Unknown
TV Show,Godzilla Singular Point,Unknown
TV Show,Jiva!,Unknown
Movie,Sisters on Track,Unknown
TV Show,The Naked Director,Unknown
TV Show,The Parisian Agency: Exclusive Properties,Unknown
TV Show,Too Hot to Handle,Unknown
TV Show,This Is Pop,Unknown
TV Show,The Mole,Unknown
TV Show,"Nevertheless,",Unknown
TV Show,Bangkok Love Stories: Innocence,Unknown
TV Show,Black Lightning,Unknown
TV Show,Call My Agent!,Unknown
TV Show,Champions,Unknown
TV Show,Charité at War,Unknown
TV Show,Deadwind,Unknown
TV Show,Glee,Unknown
TV Show,Hap and Leonard,Unknown
TV Show,Locked Up,Unknown
TV Show,No Time for Shame,Unknown
TV Show,Pose,Unknown
TV Show,REA(L)OVE,Unknown
TV Show,Schitt's Creek,Unknown
TV Show,The Assassination of Gianni Versace,Unknown
TV Show,The Judgement,Unknown
TV Show,The Last Dance,Unknown
TV Show,Why Are You Like This,Unknown
TV Show,Elite,Unknown
TV Show,Hospital Playlist,Unknown
TV Show,So Not Worth It,Unknown
TV Show,Black Summer,Unknown
TV Show,Elite Short Stories: Carla Samuel,Unknown
TV Show,Katla,Unknown
TV Show,Record of Ragnarok,Unknown
TV Show,The Gift,Unknown
TV Show,Elite Short Stories: Omar Ander Alexis,Unknown
TV Show,Millennials,Unknown
TV Show,Penguin Town,Unknown
TV Show,Avengers Climate Conundrum,Unknown
TV Show,Beyond Evil,Unknown
TV Show,Elite Short Stories: Nadia Guzmán,Unknown
Movie,Headspace: Unwind Your Mind,Unknown
TV Show,Power Rangers Dino Fury,Unknown
TV Show,Rhyme Time Town,Unknown
TV Show,Elite Short Stories: Guzmán Caye Rebe,Unknown
Movie,Bling Empire - The Afterparty,Unknown
Movie,Cobra Kai - The Afterparty,Unknown
TV Show,Love (ft. Marriage and Divorce),Unknown
Movie,To All the Boys: Always and Forever - The Afterparty,Unknown
TV Show,LEGO Friends: The Power of Friendship,Unknown
TV Show,Lupin,Unknown
Movie,Trese After Dark,Unknown
TV Show,Locombianos,Unknown
TV Show,"Fresh, Fried & Crispy",Unknown
TV Show,L.A.’s Finest,Unknown
TV Show,Guru Aur Bhole,Unknown
TV Show,"Newly Rich, Newly Poor",Unknown
Movie,Kitty Love: An Homage to Cats,Unknown
TV Show,Human: The World Within,Unknown
TV Show,Sweet Tooth,Unknown
TV Show,Creator's File: GOLD,Unknown
TV Show,Summertime,Unknown
TV Show,Attack on Titan,Unknown
TV Show,Ben & Holly's Little Kingdom,Unknown
TV Show,Cocomelon,Unknown
TV Show,Downton Abbey,Unknown
TV Show,Happy Endings,Unknown
TV Show,Racket Boys,Unknown
TV Show,The Adventures of Sonic the Hedgehog,Unknown
TV Show,The Platform,Unknown
TV Show,Dirty John,Unknown
TV Show,The Kominsky Method,Unknown
TV Show,Black Space,Unknown
TV Show,Eden,Unknown
TV Show,Ragnarok,Unknown
TV Show,High on the Hog: How African American Cuisine Transformed America,Unknown
TV Show,JoJo's Bizarre Adventure,Unknown
TV Show,Mad for Each Other,Unknown
TV Show,Master of None,Unknown
Movie,Sam Smith: Love Goes - Live at Abbey Road Studios,Unknown
Movie,99 Songs (Tamil),Unknown
Movie,99 Songs (Telugu),Unknown
Movie,Creating an Army of the Dead,Unknown
TV Show,Jurassic World Camp Cretaceous,Unknown
TV Show,The Neighbor,Unknown
TV Show,Special,Unknown
TV Show,The Magic School Bus,Unknown
TV Show,Who Killed Sara?,Unknown
TV Show,Booba: Food Puzzle,Unknown
TV Show,Alma Matters,Unknown
TV Show,Haunted,Unknown
TV Show,"Love, Death & Robots",Unknown
TV Show,Move to Heaven,Unknown
Movie,The Upshaws - The Afterparty,Unknown
TV Show,Castlevania,Unknown
TV Show,The Upshaws,Unknown
TV Show,"Money, Explained",Unknown
TV Show,Mine,Unknown
TV Show,Jupiter's Legacy,Unknown
Movie,The Circle - The Afterparty,Unknown
TV Show,Lava Ka Dhaava,Unknown
TV Show,Selena: The Series,Unknown
TV Show,StartUp,Unknown
TV Show,Trash Truck,Unknown
TV Show,Angelina Ballerina,Unknown
TV Show,Barney and Friends,Unknown
TV Show,Miniforce: Super Dino Power,Unknown
TV Show,Pet Stars,Unknown
TV Show,The Unremarkable Juanquini,Unknown
TV Show,Yasuke,Unknown
TV Show,Headspace Guide to Sleep,Unknown
TV Show,Sexify,Unknown
TV Show,Fatma,Unknown
Movie,Shadow and Bone - The Afterparty,Unknown
TV Show,Shadow and Bone,Unknown
TV Show,Life in Color with David Attenborough,Unknown
Movie,Searching For Sheela,Unknown
TV Show,Zero,Unknown
TV Show,Izzy's Koala World,Unknown
Movie,Keymon and Nani in Space Adventure,Unknown
Movie,Rudra: The Rise of King Pharaoh,Unknown
Movie,Free to Play,Unknown
TV Show,Luis Miguel - The Series,Unknown
TV Show,PJ Masks,Unknown
TV Show,Bakugan: Geogan Rising,Unknown
Movie,Dad Stop Embarrassing Me - The Afterparty,Unknown
TV Show,Love Naggers,Unknown
TV Show,Dancing Angels,Unknown
TV Show,Durarara!!,Unknown
TV Show,Gilmore Girls,Unknown
TV Show,High-Rise Invasion,Unknown
TV Show,Next in Fashion,Unknown
TV Show,Peasants Rebellion,Unknown
TV Show,Power Players,Unknown
TV Show,Ricky Zoom,Unknown
TV Show,Sonic X,Unknown
TV Show,Ajaibnya Cinta,Unknown
TV Show,Dad Stop Embarrassing Me!,Unknown
TV Show,Fate: The Winx Saga,Unknown
TV Show,House of Cards,Unknown
TV Show,Indian Matchmaking,Unknown
TV Show,Jeffrey Epstein: Filthy Rich,Unknown
TV Show,Law School,Unknown
TV Show,Living with Yourself,Unknown
TV Show,Signal,Unknown
TV Show,Slasher,Unknown
TV Show,Unnatural Selection,Unknown
TV Show,The Baker and the Beauty,Unknown
TV Show,"Nicky, Ricky, Dicky & Dawn",Unknown
TV Show,Don't be the First one,Unknown
TV Show,Heaven Official's Blessing,Unknown
TV Show,The Way of the Househusband,Unknown
Movie,Dolly Parton: A MusiCares Tribute,Unknown
TV Show,The Big Day,Unknown
TV Show,The Wedding Coach,Unknown
TV Show,This Is a Robbery: The World's Biggest Art Heist,Unknown
TV Show,Glimpses of a Future,Unknown
TV Show,Magical Andes,Unknown
TV Show,Murder Maps,Unknown
TV Show,Prank Encounters,Unknown
TV Show,Secrets of Great British Castles,Unknown
TV Show,Worn Stories,Unknown
TV Show,Robocar Poli,Unknown
TV Show,Yu-Gi-Oh!,Unknown
TV Show,Rainbow High,Unknown
Movie,Bad Trip,Unknown
TV Show,Big Time Rush,Unknown
Movie,Elizabeth and Margaret: Love and Loyalty,Unknown
TV Show,Magic for Humans Spain,Unknown
TV Show,The Irregulars,Unknown
TV Show,DOTA: Dragon's Blood,Unknown
TV Show,Pui Pui Molcar,Unknown
TV Show,Navillera,Unknown
TV Show,Mighty Morphin Power Rangers,Unknown
TV Show,Alien TV,Unknown
TV Show,Country Comfort,Unknown
TV Show,Formula 1: Drive to Survive,Unknown
TV Show,B: The Beginning,Unknown
TV Show,Waffles + Mochi,Unknown
TV Show,Abla Fahita: Drama Queen,Unknown
TV Show,The Lost Pirate Kingdom,Unknown
TV Show,Zero Chill,Unknown
TV Show,Love Alarm,Unknown
TV Show,Paradise PD,Unknown
TV Show,The One,Unknown
TV Show,Last Chance U: Basketball,Unknown
TV Show,Marriage or Mortgage,Unknown
TV Show,The Houseboat,Unknown
TV Show,Bombay Begums,Unknown
TV Show,My Way,Unknown
TV Show,City of Ghosts,Unknown
TV Show,Pokémon Journeys: The Series,Unknown
TV Show,Pacific Rim: The Black,Unknown
TV Show,Word Party,Unknown
TV Show,TIGER & BUNNY,Unknown
Movie,Ginny & Georgia - The Afterparty,Unknown
TV Show,El final del paraíso,Unknown
TV Show,Sin senos sí hay paraíso,Unknown
TV Show,The Last Bastion,Unknown
TV Show,Age of Samurai: Battle for Japan,Unknown
TV Show,Canine Intervention,Unknown
TV Show,Ginny & Georgia,Unknown
TV Show,Two Sentence Horror Stories,Unknown
TV Show,Zindagi in Short,Unknown
TV Show,Vincenzo,Unknown
Movie,Fate: The Winx Saga - The Afterparty,Unknown
TV Show,Tribes of Europa,Unknown
TV Show,"Hello, Me!",Unknown
TV Show,Sisyphus,Unknown
TV Show,Thus Spoke Kishibe Rohan,Unknown
TV Show,Amend: The Fight for America,Unknown
TV Show,Behind Her Eyes,Unknown
TV Show,MeatEater,Unknown
TV Show,Good Girls,Unknown
TV Show,Booba,Unknown
TV Show,The Crew,Unknown
TV Show,Buried by the Bernards,Unknown
TV Show,Chappelle's Show,Unknown
TV Show,Nadiya Bakes,Unknown
TV Show,Capitani,Unknown
TV Show,El Chema,Unknown
TV Show,Five Came Back: The Reference Films,Unknown
TV Show,ICarly,Unknown
TV Show,The Sinner,Unknown
TV Show,Hache,Unknown
TV Show,Invisible City,Unknown
TV Show,Firefly Lane,Unknown
TV Show,"Pablo Escobar, el patrón del mal",Unknown
TV Show,Power Rangers Ninja Steel,Unknown
TV Show,Tiffany Haddish Presents: They Ready,Unknown
TV Show,Heartland,Unknown
TV Show,Love Daily,Unknown
TV Show,My Dead Ex,Unknown
TV Show,The Unsettling,Unknown
TV Show,Total Drama,Unknown
TV Show,Zac and Mia,Unknown
TV Show,Zig & Sharko,Unknown
TV Show,We Are: The Brooklyn Saints,Unknown
TV Show,50M2,Unknown
TV Show,BONDING,Unknown
TV Show,Outlander,Unknown
TV Show,Go Dog Go,Unknown
TV Show,Blown Away,Unknown
TV Show,Busted!,Unknown
TV Show,Demon Slayer: Kimetsu no Yaiba,Unknown
TV Show,Daughter From Another Mother,Unknown
TV Show,Spycraft,Unknown
TV Show,Hello Ninja,Unknown
TV Show,Bling Empire,Unknown
TV Show,Carmen Sandiego,Unknown
TV Show,Disenchantment,Unknown
TV Show,Henry Danger,Unknown
TV Show,The Magicians,Unknown
Movie,Creating The Queen's Gambit,Unknown
TV Show,Inside the World’s Toughest Prisons,Unknown
TV Show,Mighty Little Bheem: Kite Festival,Unknown
TV Show,Pretend It’s a City,Unknown
Movie,Stuck Apart,Unknown
TV Show,Surviving Death,Unknown
TV Show,History of Swear Words,Unknown
TV Show,Nailed It! Mexico,Unknown
TV Show,Korean Pork Belly Rhapsody,Unknown
TV Show,QB1: Beyond the Lights,Unknown
TV Show,Cobra Kai,Unknown
TV Show,Dream Home Makeover,Unknown
TV Show,Headspace Guide to Meditation,Unknown
TV Show,Jenni Rivera: Mariposa de Barrio,Unknown
TV Show,Monarca,Unknown
TV Show,Running Man,Unknown
TV Show,The Haunted Hathaways,Unknown
Movie,The Minimalists: Less Is Now,Unknown
Movie,Best of Stand-Up 2020,Unknown
TV Show,Chilling Adventures of Sabrina,Unknown
TV Show,Best Leftovers Ever!,Unknown
TV Show,Dare Me,Unknown
TV Show,Equinox,Unknown
TV Show,Still Game,Unknown
TV Show,Transformers: War for Cybertron: Earthrise,Unknown
TV Show,A Love So Beautiful,Unknown
TV Show,Sakho & Mangane,Unknown
TV Show,Regiment Diaries,Unknown
TV Show,Bridgerton,Unknown
TV Show,Lovestruck in the City,Unknown
TV Show,Rhyme Time Town Singalongs,Unknown
TV Show,Shaun the Sheep,Unknown
TV Show,Timmy Time,Unknown
TV Show,Diamond City,Unknown
TV Show,Home for Christmas,Unknown
Movie,Ma Rainey's Black Bottom: A Legacy Brought to Screen,Unknown
TV Show,Morphle,Unknown
TV Show,Run On,Unknown
TV Show,How To Ruin Christmas,Unknown
TV Show,Marvel Anime: Wolverine,Unknown
TV Show,Marvel Anime: X-Men,Unknown
TV Show,Black Ink Crew New York,Unknown
TV Show,Pup Academy,Unknown
TV Show,Song Exploder,Unknown
TV Show,Teen Mom 2,Unknown
TV Show,The Challenge,Unknown
TV Show,Hilda,Unknown
TV Show,Tiny Pretty Things,Unknown
Movie,The Netflix Afterparty: The Best Shows of The Worst Year,Unknown
TV Show,Children of Adam,Unknown
TV Show,Grizzy et les Lemmings,Unknown
TV Show,The Mess You Leave Behind,Unknown
TV Show,Alice in Borderland,Unknown
TV Show,Masameer Classics,Unknown
TV Show,Once Upon a Time,Unknown
TV Show,The Big Show Show,Unknown
TV Show,The Expanding Universe of Ashley Garcia,Unknown
TV Show,The Surgeon's Cut,Unknown
Movie,Emicida: AmarElo - It’s All For Yesterday,Unknown
TV Show,Juman,Unknown
TV Show,Mr. Iglesias,Unknown
TV Show,100 Days My Prince,Unknown
TV Show,Manhunt: Deadly Games,Unknown
TV Show,Bhaag Beanie Bhaag,Unknown
TV Show,Big Mouth,Unknown
TV Show,Kings of Jo'Burg,Unknown
Movie,Leyla Everlasting,Unknown
TV Show,The Great British Baking Show: Holidays,Unknown
TV Show,Alien Worlds,Unknown
TV Show,Check The Store Next Door: The Next Chapter,Unknown
Movie,Hazel Brugger: Tropical,Unknown
TV Show,Are You The One,Unknown
TV Show,Gormiti,Unknown
TV Show,Ink Master,Unknown
TV Show,Octonauts,Unknown
TV Show,Oddbods,Unknown
TV Show,Stargate SG-1,Unknown
TV Show,The Bachelorette,Unknown
TV Show,The Guest,Unknown
TV Show,The Holiday Movies That Made Us,Unknown
TV Show,The Repair Shop,Unknown
TV Show,The Uncanny Counter,Unknown
TV Show,Fabulous Lives of Bollywood Wives,Unknown
TV Show,Heartbreak High,Unknown
TV Show,Over Christmas,Unknown
TV Show,Sugar Rush Christmas,Unknown
TV Show,Great Pretender,Unknown
TV Show,Valentino,Unknown
TV Show,Strongest Deliveryman,Unknown
TV Show,Flavorful Origins,Unknown
TV Show,Heart & Soul,Unknown
TV Show,Mismatched,Unknown
TV Show,Voices of Fire,Unknown
TV Show,Holiday Home Makeover with Mr. Christmas,Unknown
TV Show,The Boss Baby: Back in Business,Unknown
TV Show,We Are the Champions,Unknown
TV Show,America's Next Top Model,Unknown
TV Show,Beyblade Burst Rise,Unknown
TV Show,Polly Pocket,Unknown
TV Show,Survivor,Unknown
TV Show,The Crown,Unknown
TV Show,American Horror Story,Unknown
TV Show,Ethos,Unknown
TV Show,Graceful Friends,Unknown
TV Show,Aunty Donna's Big Ol' House of Fun,Unknown
TV Show,The Liberator,Unknown
TV Show,Trial 4,Unknown
Movie,We Are All For The Fatherland,Unknown
TV Show,DASH & LILY,Unknown
TV Show,Bakugan: Armored Alliance,Unknown
TV Show,Bakugan: Battle Planet,Unknown
TV Show,Country Ever After,Unknown
TV Show,Wrong Kind of Black,Unknown
TV Show,Paranormal,Unknown
Movie,A Christmas Catch,Unknown
TV Show,Love & Anarchy,Unknown
Movie,Ya no estoy aquí: Una conversación entre Guillermo del Toro y Alfonso Cuarón,Unknown
TV Show,Can You Hear Me?,Unknown
TV Show,60 Days In,Unknown
TV Show,Dawson's Creek,Unknown
TV Show,Forged in Fire,Unknown
TV Show,Leah Remini: Scientology and the Aftermath,Unknown
TV Show,LEGO Jurassic World: Legend of Isla Nublar,Unknown
TV Show,LEGO Jurassic World: Secret Exhibit,Unknown
TV Show,LEGO Ninjago,Unknown
TV Show,LEGO Ninjago: Masters of Spinjitzu,Unknown
TV Show,LEGO: CITY Adventures,Unknown
TV Show,The Garfield Show,Unknown
TV Show,The Good Detective,Unknown
TV Show,Voice,Unknown
TV Show,Zumbo's Just Desserts,Unknown
TV Show,Kongsuni and Friends,Unknown
TV Show,Marvel's Agents of S.H.I.E.L.D.,Unknown
TV Show,Somebody Feed Phil,Unknown
TV Show,Suburra: Blood on Rome,Unknown
TV Show,Blood of Zeus,Unknown
TV Show,Chico Bon Bon: Monkey with a Tool Belt,Unknown
TV Show,Barbarians,Unknown
TV Show,Stolen Away,Unknown
TV Show,The Queen's Gambit,Unknown
TV Show,My Next Guest Needs No Introduction With David Letterman,Unknown
TV Show,Unsolved Mysteries,Unknown
TV Show,Start-Up,Unknown
TV Show,Grand Army,Unknown
TV Show,La Révolution,Unknown
TV Show,The Last Kids on Earth,Unknown
TV Show,Fireman Sam,Unknown
TV Show,Half & Half,Unknown
TV Show,One on One,Unknown
TV Show,Power Rangers Beast Morphers,Unknown
TV Show,Social Distance,Unknown
TV Show,The Cabin with Bert Kreischer,Unknown
TV Show,Kipo and the Age of Wonderbeasts,Unknown
TV Show,Deaf U,Unknown
Movie,Super Monsters: Dia de los Monsters,Unknown
TV Show,The Haunting of Bly Manor,Unknown
TV Show,Do Do Sol Sol La La Sol,Unknown
TV Show,Private Lives,Unknown
TV Show,The 100,Unknown
TV Show,Bad Boy Billionaires: India,Unknown
TV Show,Pat a Pat Como,Unknown
TV Show,Qurious Como,Unknown
TV Show,DreamWorks Happy Holidays from Madagascar,Unknown
TV Show,Emily in Paris,Unknown
TV Show,H2O: Just Add Water,Unknown
TV Show,Evil,Unknown
TV Show,Familiar Wife,Unknown
TV Show,Food Wars!: Shokugeki no Soma,Unknown
TV Show,"Good Morning, Verônica",Unknown
TV Show,Journey of an African Colony,Unknown
TV Show,Oktoberfest: Beer & Blood,Unknown
TV Show,Secreto bien guardado,Unknown
TV Show,Sword Art Online,Unknown
TV Show,The Parkers,Unknown
TV Show,The Unicorn,Unknown
TV Show,You Cannot Hide,Unknown
TV Show,Black Butler,Unknown
TV Show,Man with a Plan,Unknown
Movie,The Boys in the Band: Something Personal,Unknown
TV Show,Wentworth,Unknown
TV Show,"Whose Vote Counts, Explained",Unknown
TV Show,Van Helsing,Unknown
TV Show,The Good Place,Unknown
TV Show,A Perfect Crime,Unknown
TV Show,Mighty Little Bheem,Unknown
TV Show,Sneakerheads,Unknown
TV Show,The School Nurse Files,Unknown
Movie,Zulu Man in Japan,Unknown
TV Show,The Chef Show,Unknown
TV Show,The Playbook,Unknown
TV Show,Fukrey Boyzzz,Unknown
TV Show,Ratched,Unknown
TV Show,The American Barbecue Showdown,Unknown
TV Show,The Blacklist,Unknown
TV Show,Dragon's Dogma,Unknown
TV Show,The Last Word,Unknown
TV Show,Baby,Unknown
TV Show,Challenger,Unknown
TV Show,Criminal: UK,Unknown
TV Show,Signs,Unknown
TV Show,Sing On!,Unknown
TV Show,Taco Chronicles,Unknown
TV Show,Buddi,Unknown
TV Show,Family Business,Unknown
TV Show,Girlfriends,Unknown
TV Show,The Barrier,Unknown
TV Show,The Duchess,Unknown
TV Show,Greenleaf,Unknown
TV Show,Get Organized with The Home Edit,Unknown
TV Show,Record of Youth,Unknown
TV Show,Transformers: Cyberverse,Unknown
TV Show,Cleverman,Unknown
TV Show,Away,Unknown
TV Show,Spirit Riding Free: Riding Academy,Unknown
TV Show,Young Wallander,Unknown
TV Show,Chef's Table: BBQ,Unknown
TV Show,The Witcher: A Look Inside the Episodes,Unknown
TV Show,Blue Exorcist,Unknown
TV Show,Bookmarks,Unknown
TV Show,Borgen,Unknown
TV Show,Erased,Unknown
TV Show,Felipe Esparza: Bad Decisions,Unknown
TV Show,H,Unknown
TV Show,Heidi,Unknown
TV Show,"Sister, Sister",Unknown
TV Show,The Promised Neverland,Unknown
TV Show,I AM A KILLER: RELEASED,Unknown
TV Show,Masaba Masaba,Unknown
TV Show,Aggretsuko,Unknown
TV Show,Her Mother's Killer,Unknown
TV Show,Million Dollar Beach House,Unknown
Movie,Rising Phoenix,Unknown
TV Show,Emily's Wonder Lab,Unknown
TV Show,Trinkets,Unknown
TV Show,Baewatch: Parental Guidance,Unknown
TV Show,Ojos in d' House,Unknown
TV Show,Hoops,Unknown
TV Show,Rust Valley Restorers,Unknown
Movie,John Was Trying to Contact Aliens,Unknown
TV Show,DeMarcus Family Rules,Unknown
TV Show,High Score,Unknown
TV Show,Glitch Techs,Unknown
TV Show,Stranger,Unknown
TV Show,Dérè: An African Tale,Unknown
TV Show,Rita,Unknown
TV Show,Takki,Unknown
TV Show,3%,Unknown
TV Show,Teenage Bounty Hunters,Unknown
TV Show,The Great Heist,Unknown
TV Show,The Legend of Korra,Unknown
TV Show,Zoids Wild,Unknown
TV Show,(Un)Well,Unknown
TV Show,GAME ON: A Comedy Crossover Event,Unknown
TV Show,Terrace House: Tokyo 2019-2020,Unknown
TV Show,The Governor,Unknown
TV Show,High Seas,Unknown
TV Show,Selling Sunset,Unknown
TV Show,Sing On! Germany,Unknown
TV Show,Tiny Creatures,Unknown
TV Show,Wizards: Tales of Arcadia,Unknown
TV Show,Word Party Songs,Unknown
TV Show,Ever After High,Unknown
TV Show,The Rain,Unknown
TV Show,World's Most Wanted,Unknown
TV Show,Mystery Lab,Unknown
TV Show,Immigration Nation,Unknown
TV Show,Moesha,Unknown
TV Show,My Perfect Landing,Unknown
TV Show,Nagi-Asu: A Lull in the Sea,Unknown
TV Show,The Next Step,Unknown
TV Show,Toradora!,Unknown
TV Show,Transformers Rescue Bots Academy,Unknown
TV Show,Get Even,Unknown
TV Show,Sugar Rush,Unknown
TV Show,The Umbrella Academy,Unknown
TV Show,Transformers: War For Cybertron Trilogy,Unknown
TV Show,Last Chance U,Unknown
TV Show,Shameless (U.S.),Unknown
TV Show,Sing On! Spain,Unknown
TV Show,Fear City: New York vs The Mafia,Unknown
TV Show,Norsemen,Unknown
TV Show,Street Food: Latin America,Unknown
TV Show,Killer Women with Piers Morgan,Unknown
TV Show,Gigantosaurus,Unknown
TV Show,Single Wives,Unknown
TV Show,Cursed,Unknown
TV Show,In The Dark,Unknown
TV Show,Kissing Game,Unknown
TV Show,Dark Desire,Unknown
Movie,Little Singham: Legend of Dugabakka,Unknown
TV Show,Skin Decision: Before and After,Unknown
TV Show,Sunny Bunnies,Unknown
TV Show,The Business of Drugs,Unknown
TV Show,Down to Earth with Zac Efron,Unknown
TV Show,The Epic Tales of Captain Underpants in Space,Unknown
TV Show,Japan Sinks: 2020,Unknown
TV Show,The Protector,Unknown
TV Show,Was It Love?,Unknown
TV Show,Stateless,Unknown
TV Show,Little Singham,Unknown
TV Show,Cable Girls,Unknown
TV Show,JU-ON: Origins,Unknown
TV Show,Southern Survival,Unknown
TV Show,The Baby-Sitters Club,Unknown
TV Show,Supermarket Sweep,Unknown
TV Show,Warrior Nun,Unknown
TV Show,21 Again,Unknown
TV Show,A Touch of Green,Unknown
TV Show,Say I Do,Unknown
TV Show,Trotro,Unknown
TV Show,BNA,Unknown
TV Show,Homemade,Unknown
TV Show,Dark,Unknown
TV Show,All For Love,Unknown
TV Show,Home Game,Unknown
Movie,Seven (Tamil),Unknown
Movie,Seven (Telugu),Unknown
TV Show,Twogether,Unknown
TV Show,Crazy Delicious,Unknown
TV Show,"Roswell, New Mexico",Unknown
TV Show,It's Okay to Not Be Okay,Unknown
TV Show,Babies,Unknown
Movie,Disclosure,Unknown
TV Show,Floor Is Lava,Unknown
TV Show,Most Beautiful Thing,Unknown
TV Show,The Politician,Unknown
TV Show,The Order,Unknown
TV Show,The Chase,Unknown
Movie,The Show Must Go On: The Queen + Adam Lambert Story,Unknown
TV Show,Alexa & Katie,Unknown
TV Show,How to Get Away with Murder,Unknown
TV Show,Dating Around,Unknown
TV Show,F is for Family,Unknown
TV Show,Frank Elstner: Just One Last Question,Unknown
TV Show,ONE PIECE,Unknown
TV Show,The Search,Unknown
TV Show,The Woods,Unknown
TV Show,Curon,Unknown
TV Show,Lenox Hill,Unknown
TV Show,My Mister,Unknown
TV Show,Reality Z,Unknown
TV Show,Queen of the South,Unknown
TV Show,13 Reasons Why,Unknown
TV Show,Queer Eye,Unknown
Movie,The Light of My Eyes,Unknown
TV Show,BAKI,Unknown
TV Show,Alone,Unknown
Movie,True: Rainbow Rescue,Unknown
TV Show,Cardcaptor Sakura,Unknown
TV Show,Dear My Friends,Unknown
TV Show,Megalobox,Unknown
TV Show,Midnight Diner,Unknown
TV Show,My Shy Boss,Unknown
TV Show,Revolutionary Love,Unknown
TV Show,Space Force,Unknown
TV Show,"Can't Cope, Won't Cope",Unknown
TV Show,Dorohedoro,Unknown
TV Show,Mako Mermaids: An H2O Adventure,Unknown
TV Show,Betaal,Unknown
TV Show,Dynasty,Unknown
TV Show,History 101,Unknown
TV Show,Mystic Pop-up Bar,Unknown
TV Show,Especial 20 años Fútbol de Primera,Unknown
TV Show,The Queen and the Conqueror,Unknown
TV Show,Sweet Magnolias,Unknown
TV Show,The Big Flower Fight,Unknown
TV Show,Patriot Act with Hasan Minhaj,Unknown
TV Show,Boys Over Flowers,Unknown
TV Show,Iris,Unknown
TV Show,Avatar: The Last Airbender,Unknown
TV Show,Madam Secretary,Unknown
TV Show,Magic for Humans,Unknown
TV Show,Parasyte: The Maxim,Unknown
TV Show,She-Ra and the Princesses of Power,Unknown
TV Show,Strangers from Hell,Unknown
TV Show,The Wiggles,Unknown
TV Show,White Lines,Unknown
TV Show,True: Terrific Tales,Unknown
TV Show,Bordertown,Unknown
TV Show,Trial By Media,Unknown
TV Show,Dead to Me,Unknown
TV Show,Restaurants on the Edge,Unknown
TV Show,The Hollow,Unknown
TV Show,Hangar 1: The UFO Files,Unknown
TV Show,Hoarders,Unknown
TV Show,The Universe: Ancient Mysteries Solved,Unknown
TV Show,WWII in HD,Unknown
TV Show,Hollywood,Unknown
TV Show,Masha and the Bear,Unknown
TV Show,Medici: Masters of Florence,Unknown
TV Show,Monthly Girls' Nozaki Kun,Unknown
TV Show,Oh Yuck,Unknown
TV Show,Reckoning,Unknown
TV Show,DRIFTING DRAGONS,Unknown
TV Show,El señor de los Cielos,Unknown
TV Show,Good Witch,Unknown
TV Show,Extracurricular,Unknown
Movie,Murder to Mercy: The Cyntoia Brown Story,Unknown
TV Show,Nadiya’s Time to Eat,Unknown
TV Show,Tjovitjo,Unknown
TV Show,"Coronavirus, Explained",Unknown
TV Show,The Last Kingdom,Unknown
TV Show,My Secret Romance,Unknown
TV Show,دفعة القاهرة,Unknown
TV Show,After Life,Unknown
TV Show,DreamWorks Spooky Stories: Volume 2,Unknown
TV Show,Love 101,Unknown
TV Show,Ghost in the Shell: SAC_2045,Unknown
TV Show,The House of Flowers,Unknown
TV Show,Absurd Planet,Unknown
TV Show,Win the Wilderness,Unknown
TV Show,Bleach,Unknown
TV Show,Nicky Jam: El Ganador,Unknown
TV Show,Cooked with Cannabis,Unknown
TV Show,The Midnight Gospel,Unknown
TV Show,ChuChu TV Nursery Rhymes & Kids Songs (Hindi),Unknown
TV Show,The King: Eternal Monarch,Unknown
TV Show,#blackAF,Unknown
TV Show,El Dragón: Return of a Warrior,Unknown
TV Show,Hasmukh,Unknown
TV Show,Fauda,Unknown
TV Show,The Innocence Files,Unknown
Movie,Surviving R. Kelly: The Impact,Unknown
TV Show,Brews Brothers,Unknown
Movie,LA Originals,Unknown
TV Show,Hi Score Girl,Unknown
TV Show,The Circle France,Unknown
TV Show,El Reemplazante,Unknown
TV Show,Legacies,Unknown
TV Show,Community,Unknown
TV Show,How to Fix a Drug Scandal,Unknown
TV Show,Man Like Mobeen,Unknown
TV Show,Pokémon the Series,Unknown
TV Show,Saint Seiya,Unknown
TV Show,Sunderland 'Til I Die,Unknown
TV Show,The Iliza Shlesinger Sketch Show,Unknown
TV Show,The Windsors,Unknown
TV Show,Well-Intended Love,Unknown
TV Show,Akbar Birbal,Unknown
Movie,Dave Chappelle: The Kennedy Center Mark Twain Prize for American Humor,Unknown
TV Show,Tree House Tales,Unknown
TV Show,Rugal,Unknown
TV Show,Happy!,Unknown
TV Show,Ladies Up,Unknown
TV Show,Ozark,Unknown
TV Show,Wassup Man GO!,Unknown
TV Show,7SEEDS,Unknown
TV Show,Unorthodox,Unknown
Movie,Crip Camp: A Disability Revolution,Unknown
TV Show,Freud,Unknown
TV Show,J-Style Trip,Unknown
TV Show,Barbie Dreamhouse Adventures: Go Team Roberts,Unknown
TV Show,Archibald's Next Big Thing,Unknown
TV Show,Dino Girl Gauko,Unknown
TV Show,Greenhouse Academy,Unknown
TV Show,Self Made: Inspired by the Life of Madam C.J. Walker,Unknown
TV Show,She,Unknown
TV Show,The English Game,Unknown
TV Show,The Letter for the King,Unknown
TV Show,Vampires,Unknown
TV Show,Caliphate,Unknown
TV Show,Women Of The Night,Unknown
TV Show,Shaun the Sheep: Adventures from Mossy Bottom,Unknown
TV Show,We Speak Dance,Unknown
TV Show,100 Humans,Unknown
TV Show,Bloodride,Unknown
TV Show,The Valhalla Murders,Unknown
TV Show,Dirty Money,Unknown
TV Show,On My Block,Unknown
TV Show,The Circle Brazil,Unknown
TV Show,Ugly Delicious,Unknown
TV Show,Mighty Little Bheem: Festival of Colors,Unknown
TV Show,Akame ga Kill!,Unknown
TV Show,Babylon Berlin,Unknown
TV Show,Calico Critters Mini Episodes Clover,Unknown
TV Show,Always a Witch,Unknown
Movie,Amit Tandon: Family Tandoncies,Unknown
TV Show,Queen Sono,Unknown
TV Show,Toy Boy,Unknown
TV Show,Unstoppable,Unknown
TV Show,Altered Carbon,Unknown
TV Show,Followers,Unknown
TV Show,I Am Not Okay With This,Unknown
TV Show,The Trials of Gabriel Fernandez,Unknown
TV Show,"Hi Bye, Mama!",Unknown
TV Show,Gentefied,Unknown
TV Show,Hyena,Unknown
TV Show,Passion. Panache. Pep,Unknown
TV Show,Puerta 7,Unknown
TV Show,Spectros,Unknown
TV Show,DreamWorks Shrek's Swamp Stories,Unknown
TV Show,Talking Tom and Friends,Unknown
TV Show,Taj Mahal 1989,Unknown
TV Show,Love Is Blind,Unknown
TV Show,Narcos: Mexico,Unknown
TV Show,Palazuelos mi rey,Unknown
TV Show,We Bare Bears,Unknown
Movie,Captain Underpants Epic Choice-o-Rama,Unknown
TV Show,Better Call Saul,Unknown
TV Show,Dragons: Rescue Riders,Unknown
TV Show,Fifty: The Series,Unknown
TV Show,Locke & Key,Unknown
TV Show,My Holo Love,Unknown
TV Show,Who Killed Malcolm X?,Unknown
TV Show,Cagaster of an Insect Cage,Unknown
TV Show,Team Kaylie,Unknown
TV Show,Is It Wrong to Try to Pick Up Girls in a Dungeon?,Unknown
TV Show,Itaewon Class,Unknown
Movie,Night on Earth: Shot in the Dark,Unknown
TV Show,No Game No Life,Unknown
TV Show,Pop Team Epic,Unknown
TV Show,Shopkins,Unknown
TV Show,Diablero,Unknown
TV Show,Luna Nera,Unknown
TV Show,Unauthorized Living,Unknown
TV Show,Ainori Love Wagon: African Journey,Unknown
TV Show,THE STRANGER,Unknown
TV Show,What the Love! with Karan Johar,Unknown
TV Show,Find Yourself,Unknown
TV Show,Night on Earth,Unknown
TV Show,Omniscient,Unknown
TV Show,Rise of Empires: Ottoman,Unknown
TV Show,Sons of the Caliphate,Unknown
TV Show,The goop lab with Gwyneth Paltrow,Unknown
TV Show,The Ranch,Unknown
TV Show,October Faction,Unknown
TV Show,​SAINT SEIYA: Knights of the Zodiac,Unknown
TV Show,Pandemic: How to Prevent an Outbreak,Unknown
TV Show,Playing with Fire,Unknown
TV Show,DreamWorks How to Train Your Dragon Legends,Unknown
TV Show,Ares,Unknown
TV Show,Hip-Hop Evolution,Unknown
TV Show,Nailed It! Germany,Unknown
TV Show,Tiny House Nation,Unknown
TV Show,Handsome Siblings,Unknown
TV Show,Soul Eater,Unknown
TV Show,Killer Inside: The Mind of Aaron Hernandez,Unknown
TV Show,The Ollie & Moon Show,Unknown
TV Show,The Healing Powers of Dude,Unknown
TV Show,AJ and the Queen,Unknown
TV Show,Giri / Haji,Unknown
TV Show,Harvey Street Kids,Unknown
TV Show,Medical Police,Unknown
TV Show,The InBESTigators,Unknown
TV Show,Until Dawn,Unknown
TV Show,Cheer,Unknown
TV Show,Dracula,Unknown
TV Show,Anne with an E,Unknown
TV Show,"Sex, Explained",Unknown
TV Show,Thieves of the Wood,Unknown
TV Show,Because This Is My First Life,Unknown
TV Show,Border Security: America's Front Line,Unknown
TV Show,Cells at Work!,Unknown
TV Show,Chhota Bheem Kung Fu Dhamaka Series,Unknown
TV Show,Live Up To Your Name,Unknown
TV Show,Messiah,Unknown
TV Show,Mia and Me,Unknown
TV Show,Reply 1988,Unknown
TV Show,Save Me,Unknown
TV Show,Spinning Out,Unknown
TV Show,The Bride of Habaek,Unknown
TV Show,ARASHI's Diary -Voyage-,Unknown
TV Show,Occupied,Unknown
TV Show,Pucca: Love Recipe,Unknown
TV Show,Rainbow Ruby,Unknown
TV Show,Robot Trains,Unknown
TV Show,The Degenerates,Unknown
TV Show,Yanxi Palace: Princess Adventures,Unknown
TV Show,The Disastrous Life of Saiki K.: Reawakened,Unknown
TV Show,Kevin Hart: Don’t F**k This Up,Unknown
TV Show,The Bonfire of Destiny,Unknown
TV Show,CAROLE & TUESDAY,Unknown
TV Show,Lost in Space,Unknown
TV Show,Private Practice,Unknown
TV Show,Agent,Unknown
TV Show,The Witcher,Unknown
TV Show,Twice Upon A Time,Unknown
TV Show,Ultraviolet,Unknown
TV Show,Soundtrack,Unknown
TV Show,Cinderella and the Four Knights,Unknown
TV Show,Cocomong,Unknown
TV Show,Crash Landing on You,Unknown
TV Show,Scooby-Doo!: Mystery Incorporated,Unknown
TV Show,What's New Scooby-Doo?,Unknown
TV Show,Astronomy Club: The Sketch Show,Unknown
TV Show,Fuller House,Unknown
Movie,Spirit Riding Free: Spirit of Christmas,Unknown
TV Show,Teasing Master Takagi-san,Unknown
TV Show,Three Days of Christmas,Unknown
TV Show,Triad Princess,Unknown
Movie,The Irishman: In Conversation,Unknown
TV Show,V Wars,Unknown
TV Show,The Last O.G.,Unknown
TV Show,The Prince of Tennis ~ Match! Tennis Juniors ~,Unknown
TV Show,The Road to Love,Unknown
TV Show,Nightflyers,Unknown
TV Show,Eastsiders,Unknown
Movie,Lakeeran,Unknown
TV Show,Space Jungle,Unknown
TV Show,Chocolate,Unknown
TV Show,Chip and Potato,Unknown
TV Show,La Reina del Sur,Unknown
TV Show,The Charming Stepmom,Unknown
TV Show,Levius,Unknown
TV Show,Lugar de Mulher,Unknown
TV Show,Merry Happy Whatever,Unknown
TV Show,Mythomaniac,Unknown
TV Show,The Crime,Unknown
Movie,True: Winter Wishes,Unknown
TV Show,Zona Rosa,Unknown
TV Show,Once Upon A Time In Lingjian Mountain,Unknown
TV Show,Dolly Parton's Heartstrings,Unknown
Movie,Mike Birbiglia: What I Should Have Said Was Nothing: Tales from My Secret Public Journal,Unknown
TV Show,Nailed It! Holiday!,Unknown
TV Show,Narcoworld: Dope Stories,Unknown
TV Show,Nobody's Looking,Unknown
TV Show,Singapore Social,Unknown
TV Show,The Dragon Prince,Unknown
TV Show,Trolls: The Beat Goes On!,Unknown
TV Show,Bangkok Buddies,Unknown
TV Show,Holiday Secrets,Unknown
TV Show,Who Killed Little Gregory?,Unknown
TV Show,Miss Culinary,Unknown
TV Show,Candy Online,Unknown
TV Show,At the Dolphin Bay,Unknown
TV Show,I'm with the Band: Nasty Cherry,Unknown
TV Show,Inheritors,Unknown
TV Show,K-On!,Unknown
TV Show,La Robe De Mariee Des Cieux,Unknown
TV Show,Llama Llama,Unknown
TV Show,My MVP Valentine,Unknown
TV Show,My Sassy Girl,Unknown
TV Show,The Club,Unknown
TV Show,The Stranded,Unknown
TV Show,The Toys That Made Us,Unknown
TV Show,The Yard,Unknown
TV Show,Westside Story,Unknown
TV Show,My Dear Warrior,Unknown
TV Show,Maradona in Mexico,Unknown
TV Show,Chief of Staff,Unknown
TV Show,Put Your Head on My Shoulder,Unknown
TV Show,Little Things,Unknown
TV Show,Greatest Events of WWII in Colour,Unknown
TV Show,Green Eggs and Ham,Unknown
TV Show,Wild District,Unknown
TV Show,SCAMS,Unknown
TV Show,Sam & Cat,Unknown
TV Show,The End of the F***ing World,Unknown
TV Show,Meet the Adebanjos,Unknown
TV Show,The Devil Next Door,Unknown
Movie,100 Things to do Before High School,Unknown
TV Show,Bella and the Bulldogs,Unknown
TV Show,Victorious,Unknown
TV Show,A Year In Space,Unknown
TV Show,Ad Vitam,Unknown
TV Show,Billy on the Street,Unknown
TV Show,CLANNAD,Unknown
TV Show,Haikyu!!,Unknown
TV Show,"Love, Chunibyo & Other Delusions!",Unknown
TV Show,Maid-Sama!,Unknown
TV Show,Mobile Suit Gundam: Iron-Blooded Orphans,Unknown
TV Show,Queer Eye: We're in Japan!,Unknown
TV Show,The Boulet Brothers Dragula,Unknown
TV Show,The Deep,Unknown
Movie,True: Grabbleapple Harvest,Unknown
TV Show,Vientos de agua,Unknown
TV Show,We Are the Wave,Unknown
TV Show,KENGAN ASHURA,Unknown
TV Show,Sleepless Society: Bedtime Wishes,Unknown
TV Show,Tomorrow with You,Unknown
TV Show,Tunnel,Unknown
TV Show,Shine On with Reese,Unknown
Movie,The Road to El Camino: Behind the Scenes of El Camino: A Breaking Bad Movie,Unknown
TV Show,"Wait, My Youth",Unknown
TV Show,A Little Thing Called First Love,Unknown
TV Show,BoJack Horseman,Unknown
TV Show,Brotherhood,Unknown
TV Show,Drug Squad: Costa del Sol,Unknown
TV Show,Monzón: A Knockout Blow,Unknown
TV Show,Nailed It! France,Unknown
TV Show,Nailed It! Spain,Unknown
TV Show,The Untamed,Unknown
TV Show,Daybreak,Unknown
TV Show,"Breakfast, Lunch & Dinner",Unknown
TV Show,"ChuChu TV Kids Songs, Learning Videos & Bedtime Stories",Unknown
Movie,ChuChuTV Bedtime Stories & Moral Stories for Kids (English),Unknown
Movie,ChuChuTV Bedtime Stories & Moral Stories for Kids (Hindi),Unknown
Movie,ChuChuTV Surprise Eggs Learning Videos (English),Unknown
Movie,ChuChuTV Surprise Eggs Learning Videos (Hindi),Unknown
TV Show,Interior Design Masters,Unknown
TV Show,Little Baby Bum: Nursery Rhyme Friends,Unknown
TV Show,Mighty Little Bheem: Diwali,Unknown
TV Show,MONKART,Unknown
TV Show,Spirit Riding Free: Pony Tales,Unknown
TV Show,Toon,Unknown
TV Show,Chosen,Unknown
TV Show,THE UNLISTED,Unknown
TV Show,Another Miss Oh,Unknown
TV Show,Second 20s,Unknown
TV Show,The Lies Within,Unknown
TV Show,Insatiable,Unknown
TV Show,The Hook Up Plan,Unknown
TV Show,Beyblade Burst Turbo,Unknown
TV Show,Ultramarine Magmell,Unknown
TV Show,Rhythm + Flow,Unknown
Movie,The Spooky Tale of Captain Underpants Hack-a-ween,Unknown
TV Show,Legend Quest: Masters of Myth,Unknown
TV Show,My Country: The New Age,Unknown
Movie,A Plastic Ocean,Unknown
TV Show,Creeped Out,Unknown
TV Show,Peaky Blinders,Unknown
TV Show,Raising Dion,Unknown
TV Show,Rotten,Unknown
TV Show,Super Monsters,Unknown
TV Show,Seis Manos,Unknown
TV Show,Living Undocumented,Unknown
TV Show,Chicago Typewriter,Unknown
TV Show,College Romance,Unknown
TV Show,Engineering Girls,Unknown
TV Show,Girls Hostel,Unknown
TV Show,Inmates,Unknown
Movie,Little Baby Bum: Go Buster,Unknown
TV Show,Miniforce X,Unknown
TV Show,The K2,Unknown
TV Show,The Liar and His Lover,Unknown
TV Show,Bard of Blood,Unknown
TV Show,El Marginal,Unknown
TV Show,The Inmate,Unknown
TV Show,Abstract: The Art of Design,Unknown
TV Show,Glitch,Unknown
TV Show,Vagabond,Unknown
TV Show,Criminal: France,Unknown
TV Show,Criminal: Germany,Unknown
TV Show,Fastest Car,Unknown
TV Show,Inside Bill's Brain: Decoding Bill Gates,Unknown
Movie,True: Tricky Treat Day,Unknown
TV Show,When the Camellia Blooms,Unknown
TV Show,Surviving R. Kelly,Unknown
TV Show,Kabaneri of the Iron Fortress: The Battle of Unato,Unknown
TV Show,Marianne,Unknown
TV Show,Top Boy,Unknown
TV Show,Unbelievable,Unknown
TV Show,The I-Land,Unknown
TV Show,"The Mind, Explained",Unknown
TV Show,The Spy,Unknown
Movie,American Factory: A Conversation with the Obamas,Unknown
TV Show,Loo Loo Kids: Johny & Friends Musical Adventures,Unknown
TV Show,Moving Art,Unknown
TV Show,Serial Killer with Piers Morgan,Unknown
TV Show,Luo Bao Bei,Unknown
TV Show,Styling Hollywood,Unknown
TV Show,The Dark Crystal: Age of Resistance,Unknown
TV Show,The Good Bandit,Unknown
TV Show,True and the Rainbow Kingdom,Unknown
TV Show,Million Pound Menu,Unknown
TV Show,13 Reasons Why: Beyond the Reasons,Unknown
TV Show,HERO MASK,Unknown
TV Show,Hyperdrive,Unknown
Movie,Our Planet - Behind The Scenes,Unknown
TV Show,45 rpm,Unknown
TV Show,Apache: The Life of Carlos Tevez,Unknown
TV Show,Better Than Us,Unknown
TV Show,Diagnosis,Unknown
TV Show,Green Frontier,Unknown
Movie,Invader Zim: Enter the Florpus,Unknown
TV Show,MINDHUNTER,Unknown
Movie,Super Monsters Back to School,Unknown
TV Show,The King's Avatar,Unknown
TV Show,Victim Number 8,Unknown
TV Show,Cannon Busters,Unknown
TV Show,Happy Jail,Unknown
TV Show,Knightfall,Unknown
TV Show,DC Super Hero Girls,Unknown
TV Show,GLOW,Unknown
TV Show,IZombie,Unknown
TV Show,Sintonia,Unknown
TV Show,Bad Guys,Unknown
TV Show,Dollar,Unknown
TV Show,Jane The Virgin,Unknown
TV Show,Let's Eat 2,Unknown
TV Show,Let’s Eat,Unknown
TV Show,Misaeng,Unknown
TV Show,Oh My Ghost,Unknown
TV Show,Wu Assassins,Unknown
TV Show,No Good Nick,Unknown
TV Show,Basketball or Nothing,Unknown
Movie,Otherhood,Unknown
TV Show,Sleepless Society: Nyctophobia,Unknown
TV Show,The Letdown,Unknown
TV Show,Twelve Forever,Unknown
TV Show,My First First Love,Unknown
TV Show,Another Life,Unknown
TV Show,Beat Bugs,Unknown
TV Show,Sexy Central,Unknown
TV Show,The Epic Tales of Captain Underpants,Unknown
TV Show,Typewriter,Unknown
TV Show,Rookie Historian Goo Hae-Ryung,Unknown
TV Show,Pinky Malinky,Unknown
TV Show,Unrequited Love,Unknown
TV Show,Angel Beats!,Unknown
TV Show,Anohana: The Flower We Saw That Day,Unknown
TV Show,God Eater,Unknown
TV Show,GRANBLUE FANTASY the Animation,Unknown
TV Show,3Below: Tales of Arcadia,Unknown
TV Show,Bonus Family,Unknown
TV Show,Extreme Engagement,Unknown
TV Show,One Spring Night,Unknown
TV Show,PILI Fantasy: War of Dragons,Unknown
TV Show,True Tunes,Unknown
TV Show,Free Rein,Unknown
TV Show,The Legend of White Snake,Unknown
TV Show,Kakegurui,Unknown
TV Show,Stranger Things,Unknown
TV Show,The Last Czars,Unknown
TV Show,Yummy Mummies,Unknown
TV Show,Bangkok Love Stories: Objects of Affection,Unknown
TV Show,Bangkok Love Stories: Plead,Unknown
TV Show,Designated Survivor: 60 Days,Unknown
TV Show,DreamWorks Kung Fu Panda Awesome Secrets,Unknown
TV Show,Hatchimals | Adventures in Hatchtopia,Unknown
TV Show,Molang,Unknown
TV Show,Rabbids Invasion,Unknown
TV Show,Record of Grancrest War,Unknown
TV Show,Scare Tactics,Unknown
TV Show,Dope,Unknown
TV Show,Exhibit A,Unknown
TV Show,Instant Hotel,Unknown
TV Show,Motown Magic,Unknown
TV Show,Paquita Salas,Unknown
TV Show,Answer for Heaven,Unknown
Movie,Hikaru Utada Laughter in the Dark Tour 2018,Unknown
TV Show,Forest of Piano,Unknown
TV Show,Girls Incarcerated,Unknown
TV Show,Go! Live Your Way,Unknown
TV Show,Magi: The Labyrinth of Magic,Unknown
TV Show,Neon Genesis Evangelion,Unknown
TV Show,Shooter,Unknown
TV Show,The Casketeers,Unknown
TV Show,The Confession Tapes,Unknown
TV Show,Fate/Zero,Unknown
TV Show,Kill la Kill,Unknown
TV Show,Puella Magi Madoka Magica,Unknown
TV Show,Somewhere Only We Know,Unknown
TV Show,Unit 42,Unknown
TV Show,Awake: The Million Dollar Game,Unknown
TV Show,Black Spot,Unknown
TV Show,El desconocido,Unknown
TV Show,Girlfriends' Guide to Divorce,Unknown
TV Show,Leila,Unknown
TV Show,Marlon,Unknown
TV Show,Marvel's Jessica Jones,Unknown
TV Show,Yankee,Unknown
TV Show,Jinn,Unknown
TV Show,Upin & Ipin,Unknown
TV Show,Designated Survivor,Unknown
TV Show,Super Monsters Monster Pets,Unknown
TV Show,Tales of the City,Unknown
TV Show,Black Mirror,Unknown
TV Show,Documentary Now!,Unknown
TV Show,Malibu Rescue: The Series,Unknown
TV Show,Arthdal Chronicles,Unknown
TV Show,A Thousand Goodnights,Unknown
TV Show,March Comes in Like a Lion,Unknown
TV Show,Bad Blood,Unknown
TV Show,Killer Ratings,Unknown
TV Show,When They See Us,Unknown
TV Show,Historical Roasts,Unknown
TV Show,Hyper HardBoiled Gourmet Report,Unknown
TV Show,She's Gotta Have It,Unknown
TV Show,WHAT / IF,Unknown
TV Show,Prince of Peoria,Unknown
TV Show,Rosario Tijeras,Unknown
TV Show,It's Bruno!,Unknown
TV Show,White Gold,Unknown
TV Show,Dennis and Gnasher Unleashed,Unknown
TV Show,"Heidi, bienvenida a casa",Unknown
TV Show,I Hear You,Unknown
TV Show,Revisions,Unknown
Movie,Still LAUGH-IN: The Stars Celebrate,Unknown
TV Show,The Defected,Unknown
TV Show,Easy,Unknown
TV Show,Jailbirds,Unknown
TV Show,The Mechanism,Unknown
TV Show,The Princess Weiyoung,Unknown
TV Show,The Society,Unknown
TV Show,Away From Home,Unknown
TV Show,Bibik-Bibikku,Unknown
TV Show,Cinta 100KG,Unknown
TV Show,Cinta Iris,Unknown
TV Show,Cinta Si Wedding Planner,Unknown
TV Show,Cinta Teruna Kimchi,Unknown
TV Show,Secret of Success,Unknown
TV Show,The Missing Menu,Unknown
TV Show,Unchained Fate,Unknown
TV Show,Abyss,Unknown
TV Show,I Have a Script,Unknown
TV Show,In the Bosom of a Thorn,Unknown
TV Show,The Writer,Unknown
TV Show,What If?,Unknown
TV Show,Cupcake & Dino - General Services,Unknown
TV Show,Flinch,Unknown
TV Show,Tuca & Bertie,Unknown
TV Show,Code Geass: Lelouch of the Rebellion,Unknown
TV Show,Angel 'N' Devil,Unknown
TV Show,Hong Kong West Side Stories,Unknown
TV Show,Ingress: The Animation,Unknown
TV Show,K.O. One Re-act,Unknown
TV Show,K.O.3an Guo,Unknown
TV Show,KO One Return,Unknown
TV Show,The Outsiders,Unknown
TV Show,Ash vs. Evil Dead,Unknown
TV Show,Señora Acero,Unknown
TV Show,Chambers,Unknown
TV Show,Street Food,Unknown
TV Show,KO One,Unknown
TV Show,Lunatics,Unknown
TV Show,My Dear Boy,Unknown
TV Show,Rilakkuma and Kaoru,Unknown
TV Show,Samantha!,Unknown
Movie,Super Monsters Furever Friends,Unknown
TV Show,Crazy Ex-Girlfriend,Unknown
Movie,Francesco De Carlo: Cose di Questo Mondo,Unknown
TV Show,Huge in France,Unknown
TV Show,New Girl,Unknown
TV Show,You vs. Wild,Unknown
TV Show,Time: The Kalief Browder Story,Unknown
TV Show,Derek,Unknown
TV Show,Imposters,Unknown
TV Show,Our Planet,Unknown
TV Show,Quicksand,Unknown
TV Show,Rimba Racer,Unknown
TV Show,Roman Empire: Reign of Blood,Unknown
TV Show,Spirit: Riding Free,Unknown
TV Show,Tijuana,Unknown
TV Show,Possessed,Unknown
TV Show,Tango,Unknown
TV Show,Kicko & Super Speedo,Unknown
TV Show,"That Winter, the Wind Blows",Unknown
TV Show,Ultraman,Unknown
TV Show,Pablo,Unknown
TV Show,Osmosis,Unknown
TV Show,Santa Clarita Diet,Unknown
TV Show,The Terminal,Unknown
TV Show,Traitors,Unknown
TV Show,Versailles,Unknown
TV Show,Ainori Love Wagon: Asian Journey,Unknown
TV Show,The Eagle of El-Se'eed,Unknown
TV Show,Charlie's Colorforms City,Unknown
TV Show,Crime Diaries: The Candidate,Unknown
TV Show,Delhi Crime,Unknown
TV Show,The 10 Sins,Unknown
TV Show,The OA,Unknown
Movie,Antoine Griezmann: The Making of a Legend,Unknown
TV Show,Bo on the Go!,Unknown
TV Show,Stay Tuned!,Unknown
TV Show,February 9,Unknown
TV Show,My Husband Won't Fit,Unknown
TV Show,Green Door,Unknown
TV Show,If I Hadn't Met You,Unknown
TV Show,My Pride,Unknown
TV Show,Robozuna,Unknown
TV Show,The Disappearance of Madeleine McCann,Unknown
TV Show,Turn Up Charlie,Unknown
TV Show,More to Say,Unknown
TV Show,The Land of Hypocrisy,Unknown
TV Show,Eugenie Nights,Unknown
TV Show,This Evening,Unknown
TV Show,Into the Badlands,Unknown
TV Show,Bangkok Love Stories: Hey You!,Unknown
TV Show,Disappearance,Unknown
TV Show,Immortals,Unknown
TV Show,The Confrontation,Unknown
TV Show,American Crime Story: The People v. O.J. Simpson,Unknown
TV Show,Secret City,Unknown
TV Show,A Korean Odyssey,Unknown
TV Show,Cricket Fever: Mumbai Indians,Unknown
TV Show,Larva Island,Unknown
TV Show,Losers,Unknown
TV Show,Northern Rescue,Unknown
TV Show,The Disastrous Life of Saiki K.,Unknown
TV Show,Unsolved,Unknown
TV Show,Chef's Table,Unknown
TV Show,The Big Family Cooking Showdown,Unknown
TV Show,Z4,Unknown
TV Show,Larry Charles' Dangerous World of Comedy,Unknown
TV Show,The 43,Unknown
TV Show,The Kirlian Frequency,Unknown
TV Show,Barbie Dreamhouse Adventures,Unknown
TV Show,Velvet Colección,Unknown
TV Show,Iron Ladies,Unknown
TV Show,The Break,Unknown
TV Show,One Day at a Time,Unknown
TV Show,The Last of the Schmucks,Unknown
TV Show,Hidden Worlds,Unknown
TV Show,Live,Unknown
TV Show,Safe,Unknown
TV Show,Tayee,Unknown
TV Show,Violet Evergarden,Unknown
TV Show,Romance is a bonus book,Unknown
Movie,Free Rein: Valentine's Day,Unknown
Movie,LEGO Marvel Super Heroes: Guardians of the Galaxy,Unknown
TV Show,Littlest Pet Shop: A World of Our Own,Unknown
TV Show,Russian Doll,Unknown
TV Show,Sparta,Unknown
TV Show,Sword Art Online Alternative: Gun Gale Online,Unknown
Movie,True: Happy Hearts Day,Unknown
TV Show,Paprika,Unknown
TV Show,A Taiwanese Tale of Two Cities,Unknown
TV Show,Z Nation,Unknown
TV Show,Black Earth Rising,Unknown
TV Show,Club of Crows,Unknown
TV Show,Examination of Conscience,Unknown
Movie,Polar,Unknown
TV Show,The Perfect Match,Unknown
TV Show,Conversations with a Killer: The Ted Bundy Tapes,Unknown
Movie,Close,Unknown
TV Show,Marvel's The Punisher,Unknown
TV Show,Memory Love,Unknown
TV Show,The World's Most Extraordinary Homes,Unknown
TV Show,Trigger Warning with Killer Mike,Unknown
Movie,Adhugo,Unknown
TV Show,Lavender,Unknown
TV Show,La Grande Chaumière Violette,Unknown
TV Show,Back with the Ex,Unknown
TV Show,Friends from College,Unknown
TV Show,Hardy Bucks,Unknown
TV Show,Horrid Henry,Unknown
TV Show,Pocoyo,Unknown
TV Show,When Heroes Fly,Unknown
TV Show,See You in Time,Unknown
TV Show,Déjà Vu,Unknown
TV Show,A Series of Unfortunate Events,Unknown
TV Show,COMEDIANS of the world,Unknown
TV Show,The Paper,Unknown
TV Show,Tidying Up with Marie Kondo,Unknown
Movie,Bill Hicks: Reflections,Unknown
Movie,Gina Yashere: Skinny B*tch,Unknown
Movie,Sam Kinison: The Scream Continues,Unknown
Movie,Secrets in the Hot Spring,Unknown
Movie,Tim Allen: ReWires America,Unknown
TV Show,Pioneers: First Women Filmmakers*,Unknown
TV Show,In Family We Trust,Unknown
Movie,Black Mirror: Bandersnatch,Unknown
TV Show,Hashoter Hatov,Unknown
TV Show,Murder Mountain,Unknown
TV Show,Selection Day,Unknown
TV Show,Stand Up and Away! with Brian Regan,Unknown
TV Show,Way Back into Love,Unknown
TV Show,Demon's Path,Unknown
TV Show,People Just Do Nothing,Unknown
TV Show,Single Ladies Senior,Unknown
TV Show,7 Days Out,Unknown
TV Show,Jojo's World,Unknown
TV Show,LAST HOPE,Unknown
TV Show,Lion Pride,Unknown
TV Show,Love @ Seventeen,Unknown
TV Show,Perfume,Unknown
TV Show,Sirius the Jaeger,Unknown
TV Show,Wolf,Unknown
TV Show,Fate/stay night: Unlimited Blade Works,Unknown
TV Show,Ashes of Love,Unknown
TV Show,DreamWorks Holiday Classics,Unknown
TV Show,Flowers,Unknown
Movie,Once in a Lifetime Sessions with George Ezra,Unknown
Movie,Once in a Lifetime Sessions with OneRepublic,Unknown
TV Show,Hymn of Death,Unknown
TV Show,Inside the Real Narcos,Unknown
TV Show,The Fix,Unknown
TV Show,The Innocent Man,Unknown
TV Show,Tidelands,Unknown
TV Show,Travelers,Unknown
TV Show,Voltron: Legendary Defender,Unknown
TV Show,Back Street Girls -GOKUDOLS-,Unknown
TV Show,Dogs of Berlin,Unknown
TV Show,Neo Yokio,Unknown
TV Show,The Sound of Your Heart: Reboot,Unknown
TV Show,Memories of the Alhambra,Unknown
TV Show,Haunted House,Unknown
Movie,Oddbods: The Festive Menace,Unknown
Movie,Roll With Me,Unknown
TV Show,1983,Unknown
TV Show,Death by Magic,Unknown
TV Show,Love and Fortune,Unknown
TV Show,Spy Kids: Mission Critical,Unknown
TV Show,Bumping Mics with Jeff Ross & Dave Attell,Unknown
TV Show,Minecraft: Story Mode,Unknown
TV Show,Frontier,Unknown
TV Show,Fugitiva,Unknown
TV Show,Sick Note,Unknown
TV Show,Mystery Science Theater 3000: The Return,Unknown
TV Show,Kulipari: Dream Walker,Unknown
TV Show,Paap-O-Meter,Unknown
TV Show,The Final Table,Unknown
TV Show,Eternal Love,Unknown
TV Show,La Doña,Unknown
TV Show,Silvana Sin Lana,Unknown
TV Show,Ponysitters Club,Unknown
Movie,The Princess Switch,Unknown
TV Show,Vai Anitta,Unknown
TV Show,Beyblade Burst Evolution,Unknown
TV Show,Warrior,Unknown
TV Show,Age of Tanks,Unknown
TV Show,Medal of Honor,Unknown
TV Show,Super Drags,Unknown
TV Show,The Queen of Flow,Unknown
TV Show,Treehouse Detectives,Unknown
TV Show,Westside,Unknown
TV Show,Transfers,Unknown
TV Show,Damnation,Unknown
Movie,John Leguizamo's Latin History for Morons,Unknown
TV Show,Kopitiam,Unknown
TV Show,Brainchild,Unknown
TV Show,Creators,Unknown
TV Show,Follow This,Unknown
TV Show,The Great British Baking Show: The Beginnings,Unknown
Movie,Yeh Hai Bakrapur,Unknown
TV Show,Fate/EXTRA Last Encore,Unknown
Movie,Santo Cachón,Unknown
TV Show,Terrorism Close Calls,Unknown
TV Show,DreamWorks Spooky Stories,Unknown
TV Show,Great News,Unknown
TV Show,Here to Heart,Unknown
TV Show,The Hollywood Masters,Unknown
TV Show,Accidentally in Love,Unknown
TV Show,Ask the Doctor,Unknown
TV Show,Best.Worst.Weekend.Ever.,Unknown
Movie,Derren Brown: Sacrifice,Unknown
TV Show,Making a Murderer,Unknown
TV Show,Marvel's Daredevil,Unknown
Movie,Oddbods: Party Monsters,Unknown
TV Show,Project S The Series,Unknown
TV Show,Wanderlust,Unknown
TV Show,My Babysitter's a Vampire,Unknown
TV Show,Rake,Unknown
TV Show,Stunt Science,Unknown
TV Show,Edgar Rice Burroughs' Tarzan and Jane,Unknown
TV Show,The Curious Creations of Christine McConnell,Unknown
TV Show,The Haunting of Hill House,Unknown
TV Show,Ordinary Heroes,Unknown
TV Show,Salt Fat Acid Heat,Unknown
TV Show,Blood Pact,Unknown
TV Show,Sofia the First,Unknown
TV Show,Dancing Queen,Unknown
TV Show,Empire Games,Unknown
TV Show,LOST SONG,Unknown
Movie,Super Monsters Save Halloween,Unknown
TV Show,YG Future Strategy Office,Unknown
TV Show,Violet Evergarden: Special,Unknown
TV Show,Monty Python Best Bits (mostly),Unknown
Movie,Monty Python: Live at Aspen,Unknown
TV Show,Monty Python's Almost the Truth,Unknown
TV Show,Monty Python's Fliegender Zirkus,Unknown
TV Show,Monty Python's Flying Circus,Unknown
TV Show,Monty Python's Personal Best,Unknown
TV Show,Hot Date,Unknown
TV Show,Strong,Unknown
TV Show,Three Wives One Husband,Unknown
TV Show,Made in Mexico,Unknown
TV Show,Reboot: The Guardian Code,Unknown
TV Show,Skylanders Academy,Unknown
TV Show,Battlefish,Unknown
TV Show,DRAGON PILOT: Hisone & Masotan,Unknown
TV Show,Maniac,Unknown
Movie,Rafinha Bastos: Ultimatum,Unknown
TV Show,The Good Cop,Unknown
TV Show,Mobile Suit Gundam UC,Unknown
TV Show,Transformers: Rescue Bots,Unknown
TV Show,Al Hayba,Unknown
TV Show,American Vandal,Unknown
TV Show,Boca Juniors Confidential,Unknown
TV Show,Ingobernable,Unknown
TV Show,Norm Macdonald Has a Show,Unknown
TV Show,Super Monsters Monster Party,Unknown
TV Show,The Rise of Phoenixes,Unknown
Movie,Reversing Roe,Unknown
TV Show,Life,Unknown
TV Show,Daniel Sloss: Live Shows,Unknown
TV Show,If I were an Animal,Unknown
TV Show,Show Me the Money,Unknown
TV Show,Transformers Prime,Unknown
TV Show,Transformers: Robots in Disguise,Unknown
TV Show,First and Last,Unknown
TV Show,Marvel's Iron Fist,Unknown
TV Show,Stretch Armstrong & the Flex Fighters,Unknown
TV Show,Monkey Twins,Unknown
TV Show,Quantico,Unknown
TV Show,Sisters,Unknown
TV Show,Cathedral of the Sea,Unknown
TV Show,Inside the Criminal Mind,Unknown
TV Show,The Comedy Lineup,Unknown
TV Show,Ultimate Beastmaster,Unknown
TV Show,Ultimate Beastmaster México,Unknown
TV Show,Undercover Law,Unknown
TV Show,Chicken Soup for the Soul's Being Dad,Unknown
TV Show,The Innocents,Unknown
Movie,Party Monster: Scratching the Surface,Unknown
TV Show,Stay Here,Unknown
TV Show,72 Dangerous Animals: Asia,Unknown
TV Show,Afflicted,Unknown
TV Show,All About the Washingtons,Unknown
TV Show,The Originals,Unknown
TV Show,Pretty Man,Unknown
TV Show,On Children,Unknown
TV Show,Cocaine Coast,Unknown
TV Show,Dinotrux Supercharged,Unknown
TV Show,Becoming Champions,Unknown
TV Show,Switched,Unknown
TV Show,The Could’ve-Gone-All-the-Way Committee,Unknown
TV Show,A Very Secret Service,Unknown
TV Show,SWORDGAI The Animation,Unknown
TV Show,Kath and Kim,Unknown
TV Show,El Chapo,Unknown
TV Show,Smoking,Unknown
TV Show,Welcome to the Family,Unknown
TV Show,Amazing Interiors,Unknown
TV Show,Dark Tourist,Unknown
Movie,Father of the Year,Unknown
TV Show,Home: Adventures with Tip & Oh,Unknown
TV Show,Jimmy: The True Story of a True Idiot,Unknown
TV Show,Luna Petunia: Return to Amazia,Unknown
Movie,El club de los buenos infieles,Unknown
TV Show,Camarón Revolution,Unknown
TV Show,The Joel McHale Show with Joel McHale,Unknown
TV Show,Meteor Garden,Unknown
TV Show,Mossad 101,Unknown
TV Show,Baby Ballroom,Unknown
TV Show,Drug Lords,Unknown
TV Show,First Team: Juventus,Unknown
TV Show,NCIS,Unknown
TV Show,Somewhere Between,Unknown
TV Show,Churchill’s Secret Agents: The New Recruits,Unknown
TV Show,Kiss Me First,Unknown
TV Show,Hotel Transylvania,Unknown
TV Show,Borges,Unknown
TV Show,Life Sentence,Unknown
Movie,Derren Brown: Miracle,Unknown
TV Show,Marvel's Luke Cage,Unknown
TV Show,Club de Cuervos Presents: The Ballad of Hugo Sánchez,Unknown
TV Show,True: Magical Friends,Unknown
TV Show,True: Wonderful Wishes,Unknown
TV Show,The Staircase,Unknown
TV Show,The Night Shift,Unknown
TV Show,Dinosaur King,Unknown
TV Show,November 13: Attack on Paris,Unknown
TV Show,Unbreakable Kimmy Schmidt,Unknown
TV Show,Arrested Development,Unknown
TV Show,The Break with Michelle Wolf,Unknown
TV Show,Something in the Rain,Unknown
TV Show,Trollhunters,Unknown
TV Show,Mob Psycho 100,Unknown
TV Show,Dance & Sing with True,Unknown
TV Show,Inspector Gadget,Unknown
TV Show,Saint Seiya: The Lost Canvas,Unknown
TV Show,Bill Nye Saves the World,Unknown
TV Show,The Who Was? Show,Unknown
TV Show,A Little Help with Carol Burnett,Unknown
TV Show,Kong: King of the Apes,Unknown
Movie,Pocoyo & Cars,Unknown
Movie,Pocoyo Carnival,Unknown
Movie,Pocoyo Halloween: Space Halloween,Unknown
Movie,Pocoyo Halloween: Spooky Movies,Unknown
TV Show,Simon,Unknown
TV Show,Spiritual House,Unknown
TV Show,Black Crows,Unknown
TV Show,Goodnight DJ 1,Unknown
TV Show,Moving On,Unknown
TV Show,Trio and a Bed,Unknown
TV Show,海的儿子,Unknown
TV Show,Charité,Unknown
TV Show,The Chalet,Unknown
TV Show,The Honeymoon Stand Up Special,Unknown
TV Show,The Magic School Bus Rides Again,Unknown
TV Show,AMO,Unknown
TV Show,Troy,Unknown
TV Show,Wakfu,Unknown
TV Show,Star Trek: The Next Generation,Unknown
TV Show,Fallet,Unknown
TV Show,Loaded,Unknown
TV Show,Doctor Foster,Unknown
TV Show,Rapture,Unknown
TV Show,Trailer Park Boys,Unknown
TV Show,Trump: An American Dream,Unknown
TV Show,Requiem,Unknown
TV Show,The Standups,Unknown
TV Show,Edha,Unknown
TV Show,Wild Wild Country,Unknown
TV Show,Secret of the Nile,Unknown
TV Show,Tabula Rasa,Unknown
TV Show,Children of the Whales,Unknown
TV Show,Collateral,Unknown
TV Show,Bad Guys: Vile City,Unknown
TV Show,Borderliner,Unknown
TV Show,Flint Town,Unknown
TV Show,21 Thunder,Unknown
Movie,Adel Karam: Live from Beirut,Unknown
Movie,Derren Brown: The Push,Unknown
TV Show,Best Lover,Unknown
TV Show,Marseille,Unknown
TV Show,Seven Seconds,Unknown
TV Show,Hitler's Circle of Evil,Unknown
TV Show,The Frankenstein Chronicles,Unknown
TV Show,Dragons: Race to the Edge,Unknown
TV Show,Everything Sucks!,Unknown
TV Show,Re:Mind,Unknown
TV Show,Valor,Unknown
TV Show,Coach Snoop,Unknown
Movie,Liberated: The New Sexual Revolution,Unknown
TV Show,Retribution,Unknown
Movie,Mau Nieto: Viviendo sobrio… desde el bar,Unknown
TV Show,The Adventures of Puss in Boots,Unknown
TV Show,Prison Playbook,Unknown
TV Show,The Shannara Chronicles,Unknown
TV Show,Love and Hong Kong,Unknown
TV Show,Tiempos de guerra,Unknown
Movie,Katt Williams: Great America,Unknown
TV Show,Disjointed,Unknown
Movie,Alejandro Riaño: Especial de stand up,Unknown
TV Show,Tundukkan Playboy Itu,Unknown
TV Show,Episodes,Unknown
TV Show,Fullmetal Alchemist,Unknown
TV Show,Lovesick,Unknown
TV Show,Pokémon: Indigo League,Unknown
TV Show,The Frozen Dead,Unknown
TV Show,La Mante,Unknown
TV Show,Wadi,Unknown
TV Show,Part-Time Idol,Unknown
TV Show,72 Dangerous Animals: Latin America,Unknown
TV Show,The Indian Detective,Unknown
TV Show,"Hello, My Twenties!",Unknown
TV Show,Cheuk Wan-Chi: Two Night Stand,Unknown
TV Show,Wormwood,Unknown
TV Show,Halt and Catch Fire,Unknown
TV Show,Dawai Asmara,Unknown
TV Show,All Hail King Julien,Unknown
TV Show,Dhia Sofea,Unknown
Movie,DreamWorks Home: For the Holidays,Unknown
TV Show,Kantaro: The Sweet Tooth Salaryman,Unknown
TV Show,Padamu Aku Bersujud,Unknown
TV Show,TURN: Washington's Spies,Unknown
TV Show,Man Down,Unknown
TV Show,Broadchurch,Unknown
TV Show,The Many Faces of Ito,Unknown
TV Show,Trailer Park Boys: Out of the Park: USA,Unknown
TV Show,Argon,Unknown
TV Show,Godless,Unknown
TV Show,Longmire,Unknown
TV Show,Luna Petunia,Unknown
TV Show,Shot in the Dark,Unknown
TV Show,The Irregular at Magic High School,Unknown
TV Show,The Method,Unknown
TV Show,Blazing Transfer Students,Unknown
TV Show,Lady Dynamite,Unknown
TV Show,Fate/Apocrypha,Unknown
TV Show,Project Mc²,Unknown
TV Show,Alias Grace,Unknown
TV Show,The Family Court,Unknown
TV Show,The Golden Path,Unknown
TV Show,The Little Nyonya,Unknown
TV Show,The Truth,Unknown
TV Show,Together,Unknown
TV Show,Beyond Stranger Things,Unknown
TV Show,The Mist,Unknown
TV Show,W1A,Unknown
TV Show,Haters Back Off,Unknown
TV Show,The Day I Met El Chapo,Unknown
TV Show,In Laws,Unknown
TV Show,Laws of Attraction,Unknown
TV Show,Seven and Me,Unknown
TV Show,West Coast Customs,Unknown
TV Show,ID-0,Unknown
TV Show,Kibaoh Klashers,Unknown
TV Show,Beyblade Burst,Unknown
TV Show,Equestria Girls: Tales of Canterlot High,Unknown
TV Show,Justice in the City,Unknown
TV Show,Noddy Toyland Detective,Unknown
TV Show,Star Trek: Enterprise,Unknown
TV Show,Star Trek: Voyager,Unknown
TV Show,Sudden,Unknown
TV Show,The Dream Catchers,Unknown
TV Show,What She Put on the Table,Unknown
TV Show,The Royal House of Windsor,Unknown
TV Show,Mak Cun,Unknown
TV Show,Paul Hollywood's Big Continental Road Trip,Unknown
TV Show,Real Rob,Unknown
TV Show,Satu Hari,Unknown
TV Show,Terrace House: Aloha State,Unknown
TV Show,Dark Matter,Unknown
TV Show,VeggieTales in the City,Unknown
TV Show,Offspring,Unknown
TV Show,Apaches,Unknown
TV Show,Fire Chasers,Unknown
TV Show,No Tomorrow,Unknown
TV Show,Reign,Unknown
TV Show,Frequency,Unknown
TV Show,The Vampire Diaries,Unknown
TV Show,A Boy Name Flora A,Unknown
TV Show,A House of Blocks,Unknown
Movie,"Alias JJ, la celebridad del mal",Unknown
Movie,Chadi Jawani Budhe Nu,Unknown
TV Show,FINAL FANTASY XIV Dad of Light,Unknown
TV Show,Gurren Lagann,Unknown
TV Show,High Risk,Unknown
TV Show,LEGO Elves: Secrets of Elvendale,Unknown
TV Show,Narcos,Unknown
TV Show,Dinotrux,Unknown
TV Show,Marvel's The Defenders,Unknown
TV Show,20 Minutes,Unknown
TV Show,Million Yen Women,Unknown
TV Show,Wet Hot American Summer: Ten Years Later,Unknown
TV Show,Bountiful Blessings,Unknown
TV Show,Close Your Eyes Before It’s Dark,Unknown
TV Show,Entangled,Unknown
TV Show,Fartsa,Unknown
TV Show,"Have You Ever Fallen in Love, Miss Jiang?",Unknown
TV Show,Life Plan A and B,Unknown
TV Show,Locust,Unknown
TV Show,Love Storm,Unknown
TV Show,Surviving Escobar - Alias JJ,Unknown
TV Show,The In-Laws,Unknown
TV Show,The IT Crowd,Unknown
TV Show,Vexed,Unknown
TV Show,World War II in Colour,Unknown
TV Show,Dawn of the Croods,Unknown
TV Show,Diamond Lover,Unknown
TV Show,King’s War,Unknown
TV Show,Qin Empire: Alliance,Unknown
TV Show,The Legend of Bruce Lee,Unknown
TV Show,Against the Tide,Unknown
TV Show,Barbie Life in the Dreamhouse,Unknown
TV Show,Breakout,Unknown
TV Show,Intersection,Unknown
TV Show,Learning Songs by Little Baby Bum: Nursery Rhyme Friends,Unknown
TV Show,Mystic Whispers,Unknown
TV Show,Spice Up,Unknown
TV Show,The Oath,Unknown
TV Show,The Truth Seekers,Unknown
TV Show,The Ultimatum,Unknown
TV Show,Unriddle,Unknown
TV Show,World at Your Feet,Unknown
TV Show,Yes We Can!,Unknown
TV Show,Yours Fatefully,Unknown
TV Show,Criminal Minds,Unknown
TV Show,Gypsy,Unknown
TV Show,Little Witch Academia,Unknown
TV Show,Young & Hungry,Unknown
TV Show,Pac-Man and the Ghostly Adventures,Unknown
TV Show,Aquarius,Unknown
TV Show,28 Moons,Unknown
TV Show,Magic Phone,Unknown
TV Show,My Little Baby,Unknown
TV Show,Singles Villa,Unknown
TV Show,Under the Black Moonlight,Unknown
TV Show,My Only Love Song,Unknown
TV Show,Crashing,Unknown
TV Show,Flaked,Unknown
TV Show,Mind Game,Unknown
TV Show,Miniforce,Unknown
TV Show,Off Camera,Unknown
TV Show,The Day Will Come,Unknown
TV Show,The Dream Job,Unknown
TV Show,Bloodline,Unknown
TV Show,Highland: Thailand's Marijuana Awakening,Unknown
TV Show,The Keepers,Unknown
TV Show,All Hail King Julien: Exiled,Unknown
TV Show,Kazoops!,Unknown
TV Show,Jumping Girl,Unknown
TV Show,President,Unknown
TV Show,What in the World Happened?,Unknown
TV Show,Mar de Plástico,Unknown
TV Show,Fangbone,Unknown
TV Show,Girlboss,Unknown
TV Show,The Mr. Peabody and Sherman Show,Unknown
TV Show,The Miracle,Unknown
TV Show,The Get Down,Unknown
TV Show,Burned Cocoon,Unknown
Movie,Bridget Christie: Stand Up for Her,Unknown
TV Show,Bottersnikes & Gumbles,Unknown
TV Show,One-Punch Man,Unknown
TV Show,Julie's Greenroom,Unknown
TV Show,Outback Truckers,Unknown
TV Show,Samurai Gourmet,Unknown
TV Show,Cheer Squad,Unknown
TV Show,Buddy Thunderstruck,Unknown
TV Show,One More Time,Unknown
TV Show,Love Is in the Air,Unknown
TV Show,Tong: Memories,Unknown
TV Show,Legend Quest,Unknown
TV Show,The Sound of Your Heart,Unknown
TV Show,Love Me As I Am,Unknown
TV Show,Love for Ten: Generation of Youth,Unknown
TV Show,Nightmare High,Unknown
TV Show,Spark,Unknown
TV Show,White Nights,Unknown
TV Show,Cyborg 009: Call of Justice,Unknown
Movie,Grillo vs Grillo,Unknown
TV Show,We're Lalaloopsy,Unknown
TV Show,Star Trek: Deep Space Nine,Unknown
TV Show,My Runway,Unknown
TV Show,AJIN: Demi-Human,Unknown
TV Show,Chasing Cameron,Unknown
TV Show,Sense8,Unknown
TV Show,Crazyhead,Unknown
TV Show,Color of Woman,Unknown
TV Show,Goodbye My Wife,Unknown
TV Show,Happy And,Unknown
TV Show,Heaven's Garden,Unknown
TV Show,Ice Fantasy,Unknown
TV Show,Immortal Classic,Unknown
TV Show,InuYasha,Unknown
TV Show,K-POP Extreme Survival,Unknown
TV Show,Miss Panda & Mr. Hedgehog,Unknown
TV Show,Tokyo Trial,Unknown
TV Show,Captive,Unknown
TV Show,White Rabbit Project,Unknown
TV Show,Miss in Kiss,Unknown
TV Show,The Cuba Libre Story,Unknown
TV Show,From Dusk Till Dawn,Unknown
TV Show,Lost & Found Music Studios,Unknown
TV Show,Back to 1989,Unknown
TV Show,Bromance,Unknown
TV Show,Refresh Man,Unknown
TV Show,Gilmore Girls: A Year in the Life,Unknown
TV Show,La Niña,Unknown
TV Show,Paranoid,Unknown
TV Show,Einsatzgruppen: The Nazi Death Squads,Unknown
TV Show,Case,Unknown
TV Show,Danger Mouse,Unknown
TV Show,Inborn Pair,Unknown
TV Show,Just You,Unknown
TV Show,Love Around,Unknown
TV Show,Love Family,Unknown
TV Show,Love Me or Leave Me,Unknown
TV Show,Love Now,Unknown
TV Show,Trailer Park Boys: Out of the Park: Europe,Unknown
TV Show,Containment,Unknown
TV Show,DEATH NOTE,Unknown
TV Show,Spotless,Unknown
TV Show,Vampire Knight,Unknown
TV Show,StoryBots Super Songs,Unknown
TV Show,Be with Me,Unknown
TV Show,Be with You,Unknown
TV Show,Fall in Love with Me,Unknown
TV Show,Love Cheque Charge,Unknown
TV Show,Masha's Spooky Stories,Unknown
TV Show,Murphy's Law of Love,Unknown
Movie,Pac's Scary Halloween,Unknown
TV Show,Someone Like You,Unknown
TV Show,When I See You Again,Unknown
TV Show,VeggieTales in the House,Unknown
Movie,"Karol Modzelewski, Łukasz „Lotek” Lodkowski No Offense",Unknown
Movie,"Katarzyna Piasecka, Rafał Pacześ Seriously Funny",Unknown
Movie,"Mariusz Kałamaga, Karol Kopiec, Wiolka Walaszczyk Hilarious Trio",Unknown
Movie,"Rafał Banaś, Michał Leja Laugh out Loud",Unknown
Movie,The Best of Rafał Rutkowski Olka Szczęśniak,Unknown
Movie,"Tomasz Jachimek, Jacek Stramik Laugh at Live",Unknown
Movie,Jandino: Whatever it Takes,Unknown
TV Show,Chef's Table: France,Unknown
TV Show,Kulipari: An Army of Frogs,Unknown
TV Show,Conspiracy,Unknown
TV Show,Dead Set,Unknown
TV Show,Forensic Files,Unknown
Movie,Saudi Arabia Uncovered,Unknown
TV Show,The Fierce Wife,Unknown
TV Show,Witches: A Century of Murder,Unknown
TV Show,Glitter Force,Unknown
TV Show,Behind Enemy Lines,Unknown
TV Show,Caught on Camera,Unknown
Movie,Real Crime: Supermarket Heist (Tesco Bomber),Unknown
TV Show,Cocaine,Unknown
TV Show,Edge of the Universe,Unknown
TV Show,La Esclava Blanca,Unknown
TV Show,LEGO Bionicle: The Journey to One,Unknown
TV Show,Popples,Unknown
TV Show,Marco Polo,Unknown
TV Show,Justin Time GO!,Unknown
TV Show,Hibana: Spark,Unknown
TV Show,72 Cutest Animals,Unknown
TV Show,72 Dangerous Places to Live,Unknown
Movie,Patton Oswalt: Talking for Clapping,Unknown
TV Show,Cyborg 009 VS Devilman,Unknown
TV Show,Justin Time,Unknown
TV Show,Terrace House: Boys & Girls in the City,Unknown
TV Show,Netflix Presents: The Characters,Unknown
TV Show,Your lie in April,Unknown
TV Show,Cooked,Unknown
TV Show,Care Bears & Cousins,Unknown
TV Show,Turbo FAST,Unknown
TV Show,Masha's Tales,Unknown
TV Show,Chelsea Does,Unknown
TV Show,Sammy & Co,Unknown
TV Show,Atelier,Unknown
TV Show,W/ Bob & David,Unknown
TV Show,Wakfu: The Quest for the Six Eliatrope Dofus,Unknown
TV Show,Wet Hot American Summer,Unknown
TV Show,H2O: Mermaid Adventures,Unknown
TV Show,Danger Mouse: Classic Collection,Unknown
TV Show,Oscar's Oasis,Unknown
Movie,Virunga: Gorillas in Peril,Unknown
Movie,Iliza Shlesinger: Freezing Hot,Unknown
Movie,BoJack Horseman Christmas Special: Sabrina's Christmas Wish,Unknown
TV Show,Lilyhammer,Unknown
TV Show,Goosebumps,Unknown
TV Show,The Borgias,Unknown
TV Show,The 4400,Unknown
TV Show,Breaking Bad,Unknown
TV Show,Feb-09,Unknown
Movie,'89,Unknown
TV Show,แผนร้ายนายเจ้าเล่ห์,Unknown
TV Show,Şubat,Unknown
Movie,100 Days Of Solitude,Unknown
TV Show,100% Hotter,Unknown
TV Show,12 Years Promise,Unknown
Movie,13TH: A Conversation with Oprah Winfrey & Ava DuVernay,Unknown
Movie,2015 Dream Concert,Unknown
TV Show,21 Sarfarosh: Saragarhi 1897,Unknown
TV Show,9 Months That Made You,Unknown
TV Show,A Good Wife,Unknown
TV Show,A Man Called God,Unknown
Movie,A new Capitalism,Unknown
TV Show,A Young Doctor's Notebook and Other Stories,Unknown
TV Show,A.D. Kingdom and Empire,Unknown
Movie,Abdo Mota,Unknown
TV Show,Adam Ruins Everything,Unknown
TV Show,Africa,Unknown
TV Show,Age Gap Love,Unknown
TV Show,Age of Glory,Unknown
TV Show,Agent Raghav,Unknown
TV Show,Ainsley Eats the Streets,Unknown
Movie,Alarmoty in the Land of Fire,Unknown
TV Show,Alphablocks,Unknown
TV Show,America's Book of Secrets,Unknown
TV Show,American Crime,Unknown
TV Show,American Odyssey,Unknown
TV Show,An Innocent Mistake,Unknown
TV Show,Ancient Aliens,Unknown
TV Show,Anjaan: Rural Myths,Unknown
TV Show,Anjaan: Special Crimes Unit,Unknown
TV Show,Anthony Bourdain: Parts Unknown,Unknown
TV Show,忍者ハットリくん,Unknown
TV Show,Atomic Puppet,Unknown
TV Show,Aussie Gold Hunters,Unknown
TV Show,Bad Education,Unknown
TV Show,Badalte Rishton Ki Dastaan,Unknown
TV Show,Bala Loca,Unknown
TV Show,Bangkok Bachelors,Unknown
TV Show,Bat Pat,Unknown
TV Show,Bates Motel,Unknown
TV Show,Battle Creek,Unknown
TV Show,Battlefield Recovery,Unknown
TV Show,Be-Be-Bears,Unknown
Movie,Beary Tales,Unknown
TV Show,Beast Legends,Unknown
TV Show,Beating Again,Unknown
TV Show,Beauty & the Beast,Unknown
TV Show,Beauty and the Bitches,Unknown
TV Show,Behind the Newsroom,Unknown
TV Show,Behzat Ç.,Unknown
TV Show,Being Mary Jane: The Series,Unknown
TV Show,Ben 10,Unknown
Movie,"Berlin, I Love You",Unknown
TV Show,Beyblade: Metal Fusion,Unknown
TV Show,Bh Se Bhade,Unknown
TV Show,Bhaage Re Mann,Unknown
TV Show,Big Bad Beetleborgs,Unknown
TV Show,"Big Dreams, Small Spaces",Unknown
TV Show,Bitten,Unknown
TV Show,Black Heart,Unknown
TV Show,Blood & Treasures,Unknown
TV Show,Blue Planet II,Unknown
TV Show,Bob Ross: Beauty Is Everywhere,Unknown
TV Show,Bondi Rescue,Unknown
TV Show,Border Patrol,Unknown
TV Show,Borderline,Unknown
TV Show,Botched Up Bodies,Unknown
TV Show,Brain Games,Unknown
TV Show,Braxton Family Values,Unknown
TV Show,Bringing Sexy Back,Unknown
TV Show,Brown Nation,Unknown
TV Show,Buddha,Unknown
TV Show,"Bure Kaam Bura Natija, Kyun Bhai Chacha Haan Bhatija",Unknown
TV Show,Burnistoun,Unknown
TV Show,Cabins in the Wild with Dick Strawbridge,Unknown
TV Show,Cain and Abel,Unknown
TV Show,Calico Critters,Unknown
TV Show,Call Me Francis,Unknown
TV Show,Camp X,Unknown
TV Show,Can We Get Married?,Unknown
TV Show,Cannabis,Unknown
TV Show,Care Bears: Welcome to Care-a-Lot,Unknown
TV Show,Case Closed,Unknown
TV Show,Castle of Stars,Unknown
TV Show,Chasing Monsters,Unknown
TV Show,Cheapest Weddings,Unknown
TV Show,Cheers,Unknown
TV Show,Chef & My Fridge,Unknown
TV Show,Chewin' the Fat,Unknown
TV Show,Chewing Gum,Unknown
TV Show,Chill with Bob Ross,Unknown
TV Show,Christiane Amanpour: Sex & Love Around the World,Unknown
TV Show,Chuck Chicken,Unknown
TV Show,City in the Sky,Unknown
TV Show,Civilizations,Unknown
TV Show,Classic Legends,Unknown
TV Show,Click for Murder,Unknown
TV Show,Club Friday The Series 6,Unknown
TV Show,Club Friday The Series 7,Unknown
TV Show,Club Friday The Series 8,Unknown
TV Show,Club Friday To Be Continued - Friend & Enemy,Unknown
TV Show,Club Friday To Be Continued - My Beautiful Tomboy,Unknown
TV Show,Club Friday To Be Continued - The Promise,Unknown
TV Show,Cold Case Files,Unknown
TV Show,Cold Case Files Classic,Unknown
TV Show,Comedy Bang! Bang!,Unknown
TV Show,Comedy High School,Unknown
TV Show,Conan Without Borders,Unknown
TV Show,Cooking on High,Unknown
TV Show,Court Justice,Unknown
TV Show,Crime Time,Unknown
TV Show,Dad's Army,Unknown
TV Show,Dance Academy,Unknown
TV Show,Dandy,Unknown
TV Show,Dangerous Roads,Unknown
Movie,Dare to Be Wild,Unknown
TV Show,Darr Sabko Lagta Hai,Unknown
TV Show,Day and Night,Unknown
TV Show,Days We Stared at the Sun,Unknown
TV Show,Deep Undercover Collection,Unknown
TV Show,Deep Water,Unknown
TV Show,Devlok with Devdutt Pattanaik,Unknown
TV Show,Dexter,Unknown
Movie,Diana: In Her Own Words,Unknown
TV Show,Dinner for Five,Unknown
TV Show,Dino Hunt,Unknown
TV Show,Diva Brides,Unknown
TV Show,Doomsday Preppers,Unknown
TV Show,Dramaworld,Unknown
Movie,Driven to Dance,Unknown
TV Show,"Drugs, Inc.",Unknown
TV Show,Dueños del paraíso,Unknown
TV Show,Earth to Luna!,Unknown
TV Show,Earth's Natural Wonders,Unknown
TV Show,Earth's Natural Wonders: Life at the Extremes,Unknown
TV Show,Easy Fortune Happy Life,Unknown
TV Show,El Barco,Unknown
TV Show,El Cartel,Unknown
TV Show,El Cartel 2,Unknown
TV Show,El Chavo,Unknown
TV Show,El Clon,Unknown
TV Show,El Vato,Unknown
TV Show,Emogenius,Unknown
TV Show,Encerrados,Unknown
TV Show,Encounters with Evil,Unknown
TV Show,Enemigo íntimo,Unknown
Movie,Ethirmarai,Unknown
TV Show,Eurovision Song Contest,Unknown
TV Show,Everyday Miracles,Unknown
TV Show,Ex-Boyfriend,Unknown
TV Show,Extras,Unknown
TV Show,Ezel,Unknown
TV Show,Fairy Tail,Unknown
TV Show,Fake or Fortune?,Unknown
TV Show,Fatal Destiny,Unknown
TV Show,Fear Files... Har Mod Pe Darr,Unknown
TV Show,Filinta,Unknown
TV Show,Fit for Fashion,Unknown
TV Show,Fix It and Finish It,Unknown
TV Show,Flowering Heart,Unknown
TV Show,Food: Delicious Science,Unknown
TV Show,Footprints in the Sand,Unknown
TV Show,For the Win,Unknown
TV Show,Forces of Nature,Unknown
TV Show,Forget Me Not,Unknown
TV Show,Four Seasons in Havana,Unknown
TV Show,Frasier,Unknown
TV Show,Friday Night Tykes,Unknown
TV Show,Friends,Unknown
Movie,Frozen Planet: On Thin Ice,Unknown
Movie,Frozen Planet: The Epic Journey,Unknown
TV Show,Gabru: Hip Hop Revolution,Unknown
TV Show,Galavant,Unknown
TV Show,Game Winning Hit,Unknown
TV Show,Gangs of Hassepur,Unknown
TV Show,Gargantia on the Verdurous Planet,Unknown
Movie,Gender Revolution: A Journey with Katie Couric,Unknown
TV Show,Genius of the Ancient World,Unknown
TV Show,Genius of the Modern World,Unknown
TV Show,Gentlemen and Gangsters,Unknown
TV Show,Get Shorty,Unknown
TV Show,Ghost Town Gold,Unknown
TV Show,Glowing Embers,Unknown
TV Show,Goldie & Bear,Unknown
TV Show,Gomorrah,Unknown
TV Show,Gossip Girl,Unknown
TV Show,Grand Designs,Unknown
TV Show,Grand Hotel,Unknown
TV Show,Great Interior Design Challenge,Unknown
TV Show,Great Yellowstone Thaw,Unknown
TV Show,Gunslinger Girl,Unknown
TV Show,Ha Unlimited,Unknown
Movie,Haapus,Unknown
TV Show,Hannibal,Unknown
TV Show,Happy 300 Days,Unknown
TV Show,Happy Valley,Unknown
TV Show,Happyish,Unknown
Movie,Harlem Globetrotters: The Team That Changed the World,Unknown
TV Show,Harold Shipman - Driven to Kill,Unknown
TV Show,Hart of Dixie,Unknown
TV Show,Hati Perempuan,Unknown
TV Show,Haven,Unknown
TV Show,Heavy Rescue: 401,Unknown
TV Show,Helix,Unknown
TV Show,Hell on Wheels,Unknown
TV Show,Herrens veje,Unknown
TV Show,Hidden Singer,Unknown
TV Show,Highway Thru Hell,Unknown
TV Show,Highway to Heaven,Unknown
TV Show,Hinterland,Unknown
TV Show,Historia de un clan,Unknown
TV Show,History's Greatest Hoaxes,Unknown
TV Show,Hogie the Globehopper,Unknown
TV Show,Hormones,Unknown
TV Show,Horror Homes,Unknown
TV Show,Hotel Beau Séjour,Unknown
TV Show,How to Live Mortgage Free with Sarah Beeny,Unknown
TV Show,Humsafar,Unknown
TV Show,Hunters of the South Seas,Unknown
TV Show,Huntik: Secrets and Seekers,Unknown
TV Show,Hyori's Bed & Breakfast,Unknown
TV Show,I Am Me!,Unknown
TV Show,I'm Sorry,Unknown
TV Show,Idiotest,Unknown
TV Show,In Between,Unknown
TV Show,India: Nature's Wonderland,Unknown
TV Show,Inside The Freemasons,Unknown
TV Show,Inside the Mind of a Serial Killer,Unknown
TV Show,Inside the Mossad,Unknown
TV Show,Inst@famous,Unknown
TV Show,Intelligence,Unknown
TV Show,Iron Man: Armored Adventures,Unknown
TV Show,Islands of the Future,Unknown
TV Show,마녀사냥,Unknown
Movie,Jake's Buccaneer Blast,Unknown
TV Show,Japanese Style Originator,Unknown
TV Show,Jeopardy!,Unknown
TV Show,Jericho,Unknown
TV Show,Jhansi Ki Rani,Unknown
TV Show,JingleKids,Unknown
Movie,John Mellencamp: Plain Spoken,Unknown
TV Show,Juana Brava,Unknown
TV Show,Juana Inés,Unknown
TV Show,Julius Jr.,Unknown
TV Show,K,Unknown
TV Show,Kaçak,Unknown
Movie,Kanika,Unknown
TV Show,Ken Burns: The West,Unknown
TV Show,Khaani,Unknown
TV Show,Khan: No. 1 Crime Hunter,Unknown
TV Show,Khelti Hai Zindagi Aankh Micholi,Unknown
TV Show,Khotey Sikkey,Unknown
TV Show,Kikoriki,Unknown
TV Show,Kiss The Series,Unknown
TV Show,Kitten Rescuers,Unknown
TV Show,Knights of Sidonia,Unknown
TV Show,Kon Kon Kon,Unknown
Movie,Krish Trish and Baltiboy,Unknown
Movie,Krish Trish and Baltiboy: Part II,Unknown
TV Show,Krishna Balram,Unknown
TV Show,Kurt Seyit & Sura,Unknown
TV Show,La Familia P. Luche,Unknown
TV Show,La Femme,Unknown
TV Show,La Piloto,Unknown
TV Show,La Rosa de Guadalupe,Unknown
Movie,Lady-Like,Unknown
TV Show,"Lady, la vendedora de rosas",Unknown
TV Show,Land Girls,Unknown
TV Show,Last,Unknown
TV Show,Learning Time with Timmy,Unknown
TV Show,Legends of Strength,Unknown
TV Show,Lego Friends,Unknown
Movie,LEGO Ninjago: Masters of Spinjitzu: Day of the Departed,Unknown
TV Show,Leo & Tig,Unknown
TV Show,License to Drill: Louisiana,Unknown
TV Show,Life on Location,Unknown
TV Show,Life Story,Unknown
TV Show,Limmy's Show!,Unknown
TV Show,Little Lunch,Unknown
Movie,Little Singham Bandarpur Mein Hu Ha Hu,Unknown
TV Show,Liv and Maddie,Unknown
TV Show,Lo que la verdad esconde: El caso Asunta (Operacion Nenúfar),Unknown
TV Show,Lo que la vida me robó,Unknown
TV Show,LoliRock,Unknown
TV Show,Los 10 años de Peter Capusotto,Unknown
TV Show,Lost Girl,Unknown
TV Show,Love Cuisine,Unknown
TV Show,Love Rain,Unknown
TV Show,Love Rhythms - Accidental Daddy,Unknown
TV Show,Love Your Garden,Unknown
TV Show,Lucky Days,Unknown
TV Show,Mad Men,Unknown
TV Show,Magi: Adventure of Sinbad,Unknown
TV Show,Maharakshak Devi,Unknown
TV Show,Maharakshak: Aryan,Unknown
TV Show,Mahi Way,Unknown
TV Show,Mahmut & Meryem,Unknown
TV Show,Man vs Wild with Sunny Leone,Unknown
TV Show,Marching Orders,Unknown
TV Show,Maron,Unknown
TV Show,Married at First Sight,Unknown
TV Show,Mary Portas: Secret Shopper,Unknown
TV Show,Mega Food,Unknown
TV Show,MegaTruckers,Unknown
TV Show,Melodies of Life - Born This Way,Unknown
TV Show,Mere Papa Hero Hiralal,Unknown
TV Show,Merlí,Unknown
TV Show,Mexico Diseña,Unknown
TV Show,Midnight Misadventures With Mallika Dua,Unknown
TV Show,Mighty Morphin Alien Rangers,Unknown
TV Show,Mini Wolf,Unknown
TV Show,Minute to Win It,Unknown
TV Show,Miss Dynamite,Unknown
TV Show,Miss Rose,Unknown
TV Show,Momo Salon,Unknown
TV Show,Money for Nothing,Unknown
TV Show,Monkey Planet,Unknown
TV Show,Monster Math Squad,Unknown
TV Show,Monty Don's Italian Gardens,Unknown
TV Show,Mr. Young,Unknown
TV Show,Murderous Affairs,Unknown
TV Show,Mutant Busters,Unknown
TV Show,My Hotter Half,Unknown
TV Show,My Life My Story,Unknown
TV Show,My Tattoo Addiction,Unknown
TV Show,Mystery Science Theater 3000,Unknown
TV Show,Nature: Animals With Cameras,Unknown
TV Show,NATURE: Natural Born Hustlers,Unknown
Movie,Nature: Raising the Dinosaur Giant,Unknown
TV Show,Nature's Great Events (2009),Unknown
TV Show,Nature's Great Events: Diaries,Unknown
TV Show,Nature's Great Race,Unknown
TV Show,Nature's Weirdest Events,Unknown
TV Show,Nazi Mega Weapons,Unknown
TV Show,"Nightmare Tenants, Slum Landlords",Unknown
TV Show,Ninja Hattori,Unknown
TV Show,Ninja Turtles: The Next Mutation,Unknown
TV Show,Nobel,Unknown
TV Show,North & South,Unknown
Movie,NOVA: Bird Brain,Unknown
Movie,NOVA: Killer Floods,Unknown
TV Show,NSU German History X,Unknown
TV Show,Nuestra Lucha Libre,Unknown
TV Show,Nura: Rise of the Yokai Clan: Demon Capital,Unknown
TV Show,Nurse Jackie,Unknown
TV Show,Nurses Who Kill,Unknown
TV Show,"O-Negative, Love Can’t Be Designed",Unknown
TV Show,OCTB,Unknown
TV Show,Oh No! It's an Alien Invasion,Unknown
TV Show,Ollie & Moon,Unknown
Movie,One Heart: The A.R. Rahman Concert Film,Unknown
TV Show,One Strange Rock,Unknown
TV Show,Operation Gold Rush,Unknown
TV Show,Operation Ouch!,Unknown
TV Show,Operation Proposal,Unknown
Movie,Our Shining Days,Unknown
TV Show,P. King Duckling,Unknown
TV Show,Pacific Heat,Unknown
TV Show,Pajanimals,Unknown
TV Show,Paranormal Survivor,Unknown
TV Show,Parks and Recreation,Unknown
TV Show,Pasión de Gavilanes,Unknown
TV Show,Pawn Stars,Unknown
TV Show,Pee-wee's Playhouse,Unknown
TV Show,Penny Dreadful,Unknown
TV Show,Person of Interest,Unknown
TV Show,Planet Earth II,Unknown
TV Show,Portlandia,Unknown
TV Show,Powder,Unknown
TV Show,Power Battle Watch Car,Unknown
TV Show,Power Rangers Dino Charge,Unknown
TV Show,Power Rangers Dino Super Charge,Unknown
TV Show,Power Rangers Dino Thunder,Unknown
TV Show,Power Rangers in Space,Unknown
TV Show,Power Rangers Jungle Fury,Unknown
TV Show,Power Rangers Lightspeed Rescue,Unknown
TV Show,Power Rangers Lost Galaxy,Unknown
TV Show,Power Rangers Mystic Force,Unknown
TV Show,Power Rangers Ninja Storm,Unknown
TV Show,Power Rangers Operation Overdrive,Unknown
TV Show,Power Rangers RPM,Unknown
TV Show,Power Rangers S.P.D.,Unknown
TV Show,Power Rangers Samurai,Unknown
Movie,"Power Rangers Samurai: Christmas Together, Friends Forever (Christmas Special)",Unknown
Movie,Power Rangers Samurai: Clash of the Red Rangers,Unknown
Movie,Power Rangers Samurai: Party Monsters (Halloween Special),Unknown
TV Show,Power Rangers Super Megaforce,Unknown
TV Show,Power Rangers Super Samurai,Unknown
Movie,Power Rangers Super Samurai: Stuck on Christmas,Unknown
Movie,Power Rangers Super Samurai: Trickster Treat,Unknown
TV Show,Power Rangers Time Force,Unknown
TV Show,Power Rangers Turbo,Unknown
TV Show,Power Rangers Wild Force,Unknown
TV Show,Power Rangers Zeo,Unknown
TV Show,Power Rangers: Megaforce,Unknown
Movie,Power Rangers: Megaforce: Raising Spirits,Unknown
TV Show,Prohibition: A Film by Ken Burns and Lynn Novick,Unknown
TV Show,Psiconautas,Unknown
TV Show,Pyaar Tune Kya Kiya,Unknown
TV Show,Qué pena tu serie,Unknown
TV Show,Queen of No Marriage,Unknown
TV Show,Queens of Comedy,Unknown
TV Show,Queens vs. Kings,Unknown
TV Show,Rab Se Sohna Isshq,Unknown
TV Show,Ramayan,Unknown
TV Show,Razia Sultan,Unknown
TV Show,Reality of Dream,Unknown
TV Show,Rebelde,Unknown
TV Show,Rectify,Unknown
TV Show,Red vs. Blue,Unknown
TV Show,Reggie Yates Outside Man,Unknown
TV Show,Republic of Doyle,Unknown
TV Show,Revenge,Unknown
TV Show,"Rica, Famosa, Latina",Unknown
TV Show,Ripper Street,Unknown
TV Show,Rishta.com,Unknown
TV Show,Robotech,Unknown
TV Show,Roonpi Secret Love,Unknown
TV Show,Rubi,Unknown
TV Show,Rurouni Kenshin,Unknown
TV Show,Russell Peters vs. the World,Unknown
TV Show,Satrangi,Unknown
TV Show,Save Our Shelter,Unknown
TV Show,Scandal,Unknown
TV Show,Secret Affair,Unknown
TV Show,Sensitive Skin,Unknown
TV Show,Servant of the People,Unknown
TV Show,Shadow of Truth,Unknown
TV Show,Shaka Zulu,Unknown
Movie,She Did That,Unknown
TV Show,Sherlock,Unknown
TV Show,Sid the Science Kid,Unknown
TV Show,Silver Spoon,Unknown
TV Show,Sin senos no hay paraíso,Unknown
TV Show,Sin Senos sí Hay Paraíso,Unknown
TV Show,Skin Wars,Unknown
TV Show,Skin Wars: Fresh Paint,Unknown
TV Show,Slobby's World,Unknown
Movie,Smash: Motorized Mayhem,Unknown
TV Show,Sotus The Series,Unknown
TV Show,Space Racers,Unknown
TV Show,Spartacus,Unknown
TV Show,Splash and Bubbles,Unknown
TV Show,Star-Crossed,Unknown
TV Show,Station Horizon,Unknown
TV Show,Stoked,Unknown
TV Show,Stone Age,Unknown
TV Show,Storage Wars: Northern Treasures,Unknown
TV Show,Strawberry Shortcake: Berry Bitty Adventures,Unknown
TV Show,Strong Girl Bong-soon,Unknown
TV Show,Strongland,Unknown
TV Show,Suits,Unknown
TV Show,Super Bheem,Unknown
TV Show,Super Wings,Unknown
TV Show,SuperNature: Wild Flyers,Unknown
TV Show,Surviving R. Kelly Part II: The Reckoning,Unknown
TV Show,Swami Baba Ramdev: The Untold Story,Unknown
TV Show,Sym-Bionic Titan,Unknown
TV Show,Taken,Unknown
TV Show,Tales of the City (1993),Unknown
TV Show,Teresa,Unknown
TV Show,Thackeray,Unknown
TV Show,That '70s Show,Unknown
TV Show,The 2000s,Unknown
TV Show,The Adjusters,Unknown
TV Show,The Adventures of Figaro Pho,Unknown
TV Show,The Andy Griffith Show,Unknown
TV Show,The Apartment,Unknown
TV Show,The Bachelor,Unknown
TV Show,The Beat,Unknown
TV Show,The Bible's Buried Secrets,Unknown
TV Show,The Big Catch,Unknown
TV Show,The Bomb Squad,Unknown
Movie,The Bund,Unknown
TV Show,The Chefs' Line,Unknown
TV Show,The Code,Unknown
TV Show,The Cravings,Unknown
TV Show,The Curse of Oak Island,Unknown
Movie,The Darkest Dawn,Unknown
TV Show,The Day My Butt Went Psycho!,Unknown
TV Show,The Devil Is a Part-Timer!,Unknown
TV Show,The Drunk and on Drugs Happy Funtime Hour,Unknown
TV Show,The Eighties,Unknown
TV Show,The Fosters,Unknown
TV Show,The Furchester Hotel,Unknown
TV Show,The Future of Water,Unknown
TV Show,The Golden Years with Javed Akhtar,Unknown
Movie,The Great Battle,Unknown
TV Show,The Great British Baking Show: Masterclass,Unknown
TV Show,The Great Train Robbery,Unknown
TV Show,The Guild,Unknown
TV Show,The Homecoming,Unknown
TV Show,The House That Made Me,Unknown
TV Show,The Hunt,Unknown
TV Show,The Inbetweeners,Unknown
TV Show,The Investigator: A British Crime Story,Unknown
TV Show,The Irish Mob,Unknown
TV Show,The Jaime Maussan Show,Unknown
TV Show,The Jungle Book,Unknown
TV Show,The Kindness Diaries,Unknown
TV Show,The L Word,Unknown
TV Show,The Lady in Dignity,Unknown
TV Show,The Liar,Unknown
TV Show,The Lizzie Borden Chronicles,Unknown
TV Show,The Making of Frozen Planet,Unknown
TV Show,The Messengers,Unknown
TV Show,The Mind of a Chef,Unknown
TV Show,The Minimighty Kids,Unknown
TV Show,The Ministry of Time,Unknown
TV Show,The Mortified Guide,Unknown
TV Show,The Most Beautiful Hands of Delhi,Unknown
TV Show,The Murder Detectives,Unknown
TV Show,The Netflix Afterparty,Unknown
TV Show,The Nineties,Unknown
TV Show,The Office (U.S.),Unknown
TV Show,The Pyramid Code,Unknown
TV Show,The Rap Game,Unknown
TV Show,The Real Football Factories,Unknown
TV Show,The Returned,Unknown
TV Show,The Road to Calvary,Unknown
TV Show,The Seventies,Unknown
TV Show,The Sniffer,Unknown
TV Show,The Story of God with Morgan Freeman,Unknown
TV Show,The Story of Us with Morgan Freeman,Unknown
TV Show,The Super Mario Bros. Super Show!,Unknown
TV Show,The Traffickers,Unknown
TV Show,The Tudors,Unknown
TV Show,The Twilight Zone (Original Series),Unknown
TV Show,The Underwear,Unknown
TV Show,The Universe,Unknown
TV Show,The War: A Film by Ken Burns and Lynn Novick,Unknown
TV Show,The West Wing,Unknown
TV Show,The Womanizer,Unknown
TV Show,The Year of Happiness and Love,Unknown
TV Show,ThirTEEN Terrors,Unknown
TV Show,This Is My Love,Unknown
TV Show,Tientsin Mystic,Unknown
TV Show,Timeless Season,Unknown
TV Show,Timeline,Unknown
TV Show,Tip the Mouse,Unknown
TV Show,Tobot,Unknown
TV Show,Top 10 Secrets and Mysteries,Unknown
TV Show,Top Grier,Unknown
TV Show,Towies,Unknown
TV Show,Trotsky,Unknown
TV Show,Twin Peaks,Unknown
TV Show,Twirlywoos,Unknown
Movie,"Twisted Trunk, Big Fat Body",Unknown
TV Show,Ugly Duckling,Unknown
TV Show,V.R. Troopers,Unknown
TV Show,ViR: The Robot Boy,Unknown
TV Show,Vroomiz,Unknown
TV Show,Wake Up,Unknown
TV Show,Wartime Portraits,Unknown
TV Show,Weeds,Unknown
TV Show,Weird Wonders of the World,Unknown
TV Show,What Happens to My Family,Unknown
TV Show,What Is Love?,Unknown
TV Show,When Calls the Heart,Unknown
TV Show,Who's the One,Unknown
TV Show,Wild Alaska,Unknown
TV Show,Wild Arabia,Unknown
TV Show,Winsanity,Unknown
TV Show,Winter Sun,Unknown
TV Show,Women Behind Bars,Unknown
TV Show,World's Busiest Cities,Unknown
TV Show,Yeh Meri Family,Unknown
TV Show,Yo-Kai Watch,Unknown
TV Show,Yoko,Unknown
Movie,Yoko and His Friends,Unknown
TV Show,YOM,Unknown
TV Show,Yu-Gi-Oh! Arc-V,Unknown
TV Show,Yunus Emre,Unknown
TV Show,Zak Storm,Unknown
TV Show,Zindagi Gulzar Hai,Unknown
TV Show,Zombie Dumb,Unknown
